,lottery,date_occured,ball_01,ball_02,ball_03,ball_04,ball_05,ball_06,
0,2221.0,2020-01-04,23,34,45,57,5,
1,2220.0,2019-12-31,38,58,35,3,40,57,
2,2219.0,2019-12-21,57,59,45,8,28,36,
3,2218.0,2019-12-19,16,6,38,22,52,
4,2217.0,2019-12-17,16,32,36,30,14,10,
5,2216.0,2019-12-14,24,42,48,10,43,49,
6,2215.0,2019-12-11,21,23,43,1,19,
7,2214.0,2019-12-07,18,30,4,10,34,
8,2213.0,2019-12-04,7,5,10,60,32,46,
9,2212.0,2019-11-30,51,58,53,52,26,23,
10,2211.0,2019-11-27,27,44,36,54,41,40,
11,2210.0,2019-11-23,11,33,34,25,24,17,
12,2209.0,2019-11-20,32,22,47,28,33,25,
13,2208.0,2019-11-16,30,45,16,49,25,40,
14,2207.0,2019-11-13,43,11,6,55,53,10,
15,2206.0,2019-11-09,42,38,45,6,27,57,
16,2205.0,2019-11-06,21,42,12,57,37,28,
17,2204.0,2019-11-04,32,56,29,28,1,35,
18,2203.0,2019-10-30,34,46,57,50,17,49,
19,2202.0,2019-10-26,43,60,37,38,29,11,
20,2201.0,2019-10-24,13,49,3,41,53,23,
21,2200.0,2019-10-22,28,55,36,43,11,15,
22,2199.0,2019-10-19,38,23,30,44,35,15,
23,2198.0,2019-10-16,56,11,34,44,36,1,
24,2197.0,2019-10-14,29,11,3,35,44,57,
25,2196.0,2019-10-09,56,28,27,1,41,25,
26,2195.0,2019-10-05,24,32,38,53,46,14,
27,2194.0,2019-10-02,16,8,20,21,34,31,
28,2193.0,2019-09-28,8,7,42,27,29,22,
29,2192.0,2019-09-26,57,53,7,59,16,37,
30,2191.0,2019-09-24,33,46,26,4,53,8,
31,2190.0,2019-09-21,53,35,25,9,5,20,
32,2189.0,2019-09-18,33,29,11,4,16,22,
33,2188.0,2019-09-14,60,51,21,28,2,17,
34,2187.0,2019-09-11,16,21,50,10,46,11,
35,2186.0,2019-09-09,27,19,12,41,18,46,
36,2185.0,2019-09-04,19,42,18,47,22,9,
37,2184.0,2019-08-31,51,15,52,36,59,45,
38,2183.0,2019-08-28,51,13,43,30,34,26,
39,2182.0,2019-08-24,59,47,46,19,39,22,
40,2181.0,2019-08-21,8,1,19,48,36,33,
41,2180.0,2019-08-17,16,12,10,21,28,38,
42,2179.0,2019-08-14,24,2,35,54,50,13,
43,2178.0,2019-08-10,16,21,42,2,50,56,
44,2177.0,2019-08-08,14,9,48,11,31,51,
45,2176.0,2019-08-06,23,8,25,43,39,44,
46,2175.0,2019-08-03,55,53,7,32,43,25,
47,2174.0,2019-07-31,36,10,34,15,60,56,
48,2173.0,2019-07-27,9,48,44,42,2,50,
49,2172.0,2019-07-24,9,57,43,37,28,24,
50,2171.0,2019-07-20,19,12,13,36,55,44,
51,2170.0,2019-07-17,36,21,51,10,24,38,
52,2169.0,2019-07-13,45,7,34,59,51,54,
53,2168.0,2019-07-11,37,25,29,4,1,27,
54,2167.0,2019-07-09,37,45,38,43,54,27,
55,2166.0,2019-07-06,44,3,34,56,19,58,
56,2165.0,2019-07-03,56,49,54,43,5,37,
57,2164.0,2019-06-29,48,17,58,47,16,25,
58,2163.0,2019-06-26,45,20,24,36,18,8,
59,2162.0,2019-06-22,11,30,42,34,16,22,
60,2161.0,2019-06-19,24,10,8,44,9,42,
61,2160.0,2019-06-15,53,49,1,46,47,19,
62,2159.0,2019-06-12,53,35,38,14,45,26,
63,2158.0,2019-06-08,9,27,46,59,35,45,
64,2157.0,2019-06-05,34,48,31,39,33,35,
65,2156.0,2019-06-01,49,39,23,6,26,1,
66,2155.0,2019-05-29,37,44,2,27,6,47,
67,2154.0,2019-05-25,53,41,47,50,7,25,
68,2153.0,2019-05-22,13,28,31,8,33,32,
69,2152.0,2019-05-18,49,36,29,26,59,50,
70,2151.0,2019-05-15,36,38,2,29,14,18,
71,2150.0,2019-05-11,38,24,23,26,42,49,
72,2149.0,2019-05-08,21,48,46,23,44,37,
73,2148.0,2019-05-04,59,33,8,58,32,15,
74,2147.0,2019-05-02,49,42,17,19,37,41,
75,2146.0,2019-04-27,39,42,16,18,44,31,
76,2145.0,2019-04-24,6,59,28,8,51,53,
77,2144.0,2019-04-20,21,33,55,16,7,60,
78,2143.0,2019-04-17,12,58,35,51,2,57,
79,2142.0,2019-04-13,44,50,52,57,7,40,
80,2141.0,2019-04-10,10,19,11,37,41,17,
81,2140.0,2019-04-06,20,54,36,17,42,26,
82,2139.0,2019-04-03,58,29,23,41,14,57,
83,2138.0,2019-03-30,30,34,4,21,13,14,
84,2137.0,2019-03-27,2,1,49,11,12,34,
85,2136.0,2019-03-23,35,22,11,1,30,8,
86,2135.0,2019-03-20,23,48,59,28,40,9,
87,2134.0,2019-03-16,54,6,46,21,59,34,
88,2133.0,2019-03-13,26,20,19,51,52,57,
89,2132.0,2019-03-09,5,60,18,39,35,30,
90,2131.0,2019-03-06,28,18,20,6,2,3,
91,2130.0,2019-03-02,13,53,16,36,55,54,
92,2129.0,2019-02-28,60,46,12,6,32,31,
93,2128.0,2019-02-26,24,55,46,16,11,54,
94,2127.0,2019-02-23,7,46,28,30,44,1,
95,2126.0,2019-02-20,58,39,27,7,24,12,
96,2125.0,2019-02-16,44,1,31,53,46,58,
97,2124.0,2019-02-13,31,20,47,43,2,11,
98,2123.0,2019-02-09,47,59,14,56,50,15,
99,2122.0,2019-02-06,27,21,3,11,15,49,
100,2121.0,2019-02-02,37,8,17,29,10,40,
101,2120.0,2019-01-30,38,41,20,24,25,13,
102,2119.0,2019-01-26,42,49,26,31,19,21,
103,2118.0,2019-01-23,41,11,12,46,20,40,
104,2117.0,2019-01-19,28,43,4,29,52,30,
105,2116.0,2019-01-17,21,19,1,9,34,54,
106,2115.0,2019-01-15,19,40,35,44,27,4,
107,2114.0,2019-01-12,35,17,30,25,42,57,
108,2113.0,2019-01-09,11,21,46,14,25,50,
109,2112.0,2019-01-05,17,46,43,53,52,39,
110,2111.0,2019-01-02,54,41,1,46,58,44,
111,2110.0,2018-12-31,25,33,10,12,18,5,
112,2109.0,2018-12-20,4,16,44,49,12,34,
113,2108.0,2018-12-18,44,59,29,19,41,22,
114,2107.0,2018-12-15,50,44,60,38,56,8,
115,2106.0,2018-12-12,27,3,39,40,36,43,
116,2105.0,2018-12-08,16,46,13,11,24,31,
117,2104.0,2018-12-06,12,45,10,56,2,27,
118,2103.0,2018-12-04,13,40,50,46,3,44,
119,2102.0,2018-12-01,6,4,17,57,34,51,
120,2101.0,2018-11-28,58,56,18,8,2,37,
121,2100.0,2018-11-24,1,35,13,11,10,49,
122,2099.0,2018-11-21,30,15,5,58,20,27,
123,2098.0,2018-11-17,2,38,27,60,18,8,
124,2097.0,2018-11-14,51,28,24,49,9,45,
125,2096.0,2018-11-10,11,51,6,24,13,19,
126,2095.0,2018-11-07,49,29,56,43,35,16,
127,2094.0,2018-11-03,4,33,16,44,19,31,
128,2093.0,2018-10-31,54,34,52,8,14,27,
129,2092.0,2018-10-27,13,17,27,11,15,22,
130,2091.0,2018-10-25,12,11,10,59,38,37,
131,2090.0,2018-10-23,11,8,18,40,37,51,
132,2089.0,2018-10-20,38,48,5,49,10,32,
133,2088.0,2018-10-17,24,3,27,38,14,56,
134,2087.0,2018-10-13,19,18,53,34,2,23,
135,2086.0,2018-10-10,4,53,35,43,47,46,
136,2085.0,2018-10-06,25,49,12,21,38,37,
137,2084.0,2018-10-03,20,37,26,7,39,38,
138,2083.0,2018-09-29,56,33,1,19,18,60,
139,2082.0,2018-09-26,25,33,42,49,6,48,
140,2081.0,2018-09-22,40,42,13,18,35,41,
141,2080.0,2018-09-20,58,55,46,22,40,10,
142,2079.0,2018-09-18,55,37,58,14,2,1,
143,2078.0,2018-09-15,30,36,2,11,39,15,
144,2077.0,2018-09-12,37,13,16,26,39,35,
145,2076.0,2018-09-08,6,15,43,5,12,22,
146,2075.0,2018-09-05,7,9,23,33,57,59,
147,2074.0,2018-09-01,42,8,18,37,58,23,
148,2073.0,2018-08-29,55,12,15,30,52,18,
149,2072.0,2018-08-25,22,13,10,20,12,54,
150,2071.0,2018-08-22,35,46,34,60,24,33,
151,2070.0,2018-08-18,5,26,42,27,48,34,
152,2069.0,2018-08-16,40,3,48,17,34,35,
153,2068.0,2018-08-14,5,47,40,9,42,3,
154,2067.0,2018-08-11,59,2,11,32,26,13,
155,2066.0,2018-08-08,27,55,35,6,25,45,
156,2065.0,2018-08-04,4,11,43,20,30,37,
157,2064.0,2018-08-01,55,53,14,10,36,60,
158,2063.0,2018-07-28,10,19,29,24,6,25,
159,2062.0,2018-07-25,8,15,34,25,10,23,
160,2061.0,2018-07-21,33,45,44,40,36,54,
161,2060.0,2018-07-18,11,39,41,9,25,8,
162,2059.0,2018-07-14,5,4,36,56,40,44,
163,2058.0,2018-07-11,19,4,23,29,59,56,
164,2057.0,2018-07-07,37,38,20,13,10,54,
165,2056.0,2018-07-05,29,47,22,36,34,18,
166,2055.0,2018-07-03,53,43,46,25,35,6,
167,2054.0,2018-06-30,39,4,7,12,26,22,
168,2053.0,2018-06-27,12,27,40,37,22,55,
169,2052.0,2018-06-23,57,50,56,51,58,59,
170,2051.0,2018-06-20,37,5,44,1,53,6,
171,2050.0,2018-06-16,33,50,38,32,8,31,
172,2049.0,2018-06-13,19,10,27,31,51,53,
173,2048.0,2018-06-09,10,39,38,35,26,19,
174,2047.0,2018-06-06,18,19,44,54,1,29,
175,2046.0,2018-06-02,27,11,6,28,46,3,
176,2045.0,2018-05-30,27,46,15,25,50,45,
177,2044.0,2018-05-26,14,7,60,54,47,56,
178,2043.0,2018-05-23,53,58,21,38,57,56,
179,2042.0,2018-05-19,33,32,22,29,35,14,
180,2041.0,2018-05-16,10,12,54,42,22,25,
181,2040.0,2018-05-12,56,58,54,6,41,9,
182,2039.0,2018-05-10,28,22,6,31,44,12,
183,2038.0,2018-05-08,26,35,40,25,6,38,
184,2037.0,2018-05-05,60,30,14,45,23,16,
185,2036.0,2018-05-02,23,58,8,19,27,7,
186,2035.0,2018-04-28,52,35,49,30,38,36,
187,2034.0,2018-04-25,7,56,22,13,6,17,
188,2033.0,2018-04-20,40,10,18,33,38,43,
189,2032.0,2018-04-17,19,39,20,53,14,6,
190,2031.0,2018-04-14,23,39,18,55,50,37,
191,2030.0,2018-04-11,38,4,58,40,27,59,
192,2029.0,2018-04-07,15,37,18,33,40,6,
193,2028.0,2018-04-04,7,42,58,36,24,11,
194,2027.0,2018-03-31,11,15,39,37,29,44,
195,2026.0,2018-03-28,51,33,23,52,31,10,
196,2025.0,2018-03-24,52,56,4,24,46,55,
197,2024.0,2018-03-21,29,16,20,35,47,23,
198,2023.0,2018-03-17,23,56,8,7,1,6,
199,2022.0,2018-03-14,28,60,52,45,4,48,
200,2021.0,2018-03-10,32,37,40,60,7,14,
201,2020.0,2018-03-07,2,46,57,60,48,36,
202,2019.0,2018-03-03,41,46,54,59,23,52,
203,2018.0,2018-02-28,55,11,27,22,25,59,
204,2017.0,2018-02-24,56,10,11,2,38,24,
205,2016.0,2018-02-21,11,17,48,18,4,21,
206,2015.0,2018-02-17,18,58,32,39,27,17,
207,2014.0,2018-02-14,46,32,16,56,40,53,
208,2013.0,2018-02-10,6,36,53,30,56,23,
209,2012.0,2018-02-08,11,51,36,8,35,27,
210,2011.0,2018-02-06,28,35,58,54,2,32,
211,2010.0,2018-02-03,18,56,8,34,39,10,
212,2009.0,2018-01-31,1,48,50,44,37,46,
213,2008.0,2018-01-27,27,22,58,33,59,42,
214,2007.0,2018-01-24,41,14,54,4,39,58,
215,2006.0,2018-01-20,20,9,1,14,54,25,
216,2005.0,2018-01-17,22,19,33,11,53,34,
217,2004.0,2018-01-13,45,35,1,23,5,14,
218,2003.0,2018-01-10,40,50,43,28,51,34,
219,2002.0,2018-01-06,59,46,28,38,4,30,
220,2001.0,2018-01-03,22,20,52,60,42,36,
221,2000.0,2017-12-31,6,37,34,10,3,17,
222,1999.0,2017-12-21,42,38,49,15,50,37,
223,1998.0,2017-12-19,57,21,24,52,25,8,
224,1997.0,2017-12-16,14,7,35,1,31,46,
225,1996.0,2017-12-13,56,21,20,7,40,24,
226,1995.0,2017-12-09,14,37,39,26,35,29,
227,1994.0,2017-12-06,44,5,32,2,12,40,
228,1993.0,2017-12-02,50,57,48,17,6,33,
229,1992.0,2017-11-29,21,11,13,53,54,5,
230,1991.0,2017-11-25,19,34,44,36,20,28,
231,1990.0,2017-11-22,37,26,11,24,59,34,
232,1989.0,2017-11-18,40,58,30,32,15,22,
233,1988.0,2017-11-16,5,39,10,54,46,42,
234,1987.0,2017-11-11,10,58,14,45,31,34,
235,1986.0,2017-11-09,55,23,44,43,36,56,
236,1985.0,2017-11-07,9,36,29,28,34,55,
237,1984.0,2017-11-04,43,32,21,50,35,29,
238,1983.0,2017-11-01,14,22,6,5,10,36,
239,1982.0,2017-10-28,46,24,20,4,50,14,
240,1981.0,2017-10-25,15,6,39,19,37,53,
241,1980.0,2017-10-21,18,16,12,34,37,17,
242,1979.0,2017-10-19,38,23,45,32,29,22,
243,1978.0,2017-10-17,6,2,57,22,55,44,
244,1977.0,2017-10-14,28,3,32,34,37,16,
245,1976.0,2017-10-11,52,14,19,12,59,25,
246,1975.0,2017-10-07,8,24,47,26,11,57,
247,1974.0,2017-10-04,19,57,38,54,4,27,
248,1973.0,2017-09-30,17,16,60,12,52,1,
249,1972.0,2017-09-27,20,9,59,54,16,57,
250,1971.0,2017-09-23,54,10,52,41,44,4,
251,1970.0,2017-09-21,10,18,24,5,39,52,
252,1969.0,2017-09-19,30,59,20,32,8,48,
253,1968.0,2017-09-16,35,48,44,39,36,52,
254,1967.0,2017-09-13,32,39,13,54,30,46,
255,1966.0,2017-09-09,19,10,32,60,13,40,
256,1965.0,2017-09-06,28,26,55,38,48,35,
257,1964.0,2017-09-02,32,27,48,36,2,50,
258,1963.0,2017-08-30,34,60,5,4,7,42,
259,1962.0,2017-08-26,39,5,6,53,15,25,
260,1961.0,2017-08-23,50,30,25,17,32,26,
261,1960.0,2017-08-19,43,39,18,25,37,1,
262,1959.0,2017-08-16,56,43,21,8,27,35,
263,1958.0,2017-08-12,55,34,22,20,24,15,
264,1957.0,2017-08-10,23,47,29,2,14,22,
265,1956.0,2017-08-08,20,40,28,5,8,45,
266,1955.0,2017-08-05,15,41,45,33,36,27,
267,1954.0,2017-08-02,40,9,49,25,35,33,
268,1953.0,2017-07-29,45,29,42,9,43,26,
269,1952.0,2017-07-26,9,21,53,36,52,38,
270,1951.0,2017-07-22,55,14,16,21,33,19,
271,1950.0,2017-07-19,32,21,10,48,34,57,
272,1949.0,2017-07-15,30,1,14,56,22,6,
273,1948.0,2017-07-12,28,33,20,24,57,12,
274,1947.0,2017-07-08,52,59,55,40,8,33,
275,1946.0,2017-07-06,6,39,4,44,52,60,
276,1945.0,2017-07-04,8,54,21,10,45,4,
277,1944.0,2017-07-01,8,57,47,39,9,59,
278,1943.0,2017-06-28,43,11,39,9,30,12,
279,1942.0,2017-06-24,48,20,43,18,6,24,
280,1941.0,2017-06-21,38,1,9,48,49,24,
281,1940.0,2017-06-17,36,16,9,47,13,17,
282,1939.0,2017-06-14,39,29,24,52,7,45,
283,1938.0,2017-06-10,10,54,42,16,40,32,
284,1937.0,2017-06-07,10,29,24,43,6,55,
285,1936.0,2017-06-03,51,40,52,24,12,3,
286,1935.0,2017-05-31,24,17,10,1,3,23,
287,1934.0,2017-05-27,56,39,35,8,23,59,
288,1933.0,2017-05-24,15,19,35,59,14,2,
289,1932.0,2017-05-20,55,21,16,44,29,10,
290,1931.0,2017-05-17,34,8,2,15,9,22,
291,1930.0,2017-05-13,17,56,37,52,18,4,
292,1929.0,2017-05-11,10,52,23,36,3,43,
293,1928.0,2017-05-09,28,51,59,26,53,10,
294,1927.0,2017-05-06,11,5,30,31,13,19,
295,1926.0,2017-05-03,46,3,2,30,14,20,
296,1925.0,2017-04-29,47,43,38,1,17,45,
297,1924.0,2017-04-26,16,52,53,58,30,12,
298,1923.0,2017-04-22,46,34,59,45,9,42,
299,1922.0,2017-04-19,20,41,22,36,43,38,
300,1921.0,2017-04-15,19,10,16,15,28,35,
301,1920.0,2017-04-12,39,45,31,25,43,33,
302,1919.0,2017-04-08,60,28,54,37,45,11,
303,1918.0,2017-04-05,22,17,50,38,20,16,
304,1917.0,2017-04-01,4,36,25,21,46,33,
305,1916.0,2017-03-29,3,50,18,23,9,52,
306,1915.0,2017-03-25,57,21,2,33,20,48,
307,1914.0,2017-03-22,39,33,29,16,44,42,
308,1913.0,2017-03-18,14,56,52,17,4,43,
309,1912.0,2017-03-15,42,10,33,36,13,35,
310,1911.0,2017-03-11,32,16,33,23,18,30,
311,1910.0,2017-03-08,9,6,39,15,22,48,
312,1909.0,2017-03-04,47,43,45,40,57,11,
313,1908.0,2017-03-01,10,27,57,13,23,4,
314,1907.0,2017-02-25,3,48,44,35,25,38,
315,1906.0,2017-02-23,27,40,33,6,39,60,
316,1905.0,2017-02-21,43,54,29,57,35,56,
317,1904.0,2017-02-18,21,18,56,15,51,12,
318,1903.0,2017-02-15,9,43,10,15,45,28,
319,1902.0,2017-02-11,25,18,2,21,9,7,
320,1901.0,2017-02-08,30,53,26,11,37,12,
321,1900.0,2017-02-04,46,11,8,43,28,27,
322,1899.0,2017-02-01,48,35,44,23,36,20,
323,1898.0,2017-01-28,53,12,58,55,34,45,
324,1897.0,2017-01-25,52,9,58,47,22,25,
325,1896.0,2017-01-21,25,6,14,21,3,15,
326,1895.0,2017-01-18,3,5,2,34,10,15,
327,1894.0,2017-01-14,31,35,57,54,21,53,
328,1893.0,2017-01-11,17,58,45,19,28,16,
329,1892.0,2017-01-07,50,22,6,37,30,17,
330,1891.0,2017-01-04,47,1,3,19,23,58,
331,1890.0,2016-12-31,5,24,51,22,11,53,
332,1889.0,2016-12-24,30,25,23,44,28,16,
333,1888.0,2016-12-22,48,1,18,45,17,10,
334,1887.0,2016-12-20,23,56,41,46,34,11,
335,1886.0,2016-12-17,7,40,54,15,3,45,
336,1885.0,2016-12-14,59,7,18,23,32,14,
337,1884.0,2016-12-10,38,1,32,4,23,59,
338,1883.0,2016-12-07,28,59,16,47,27,60,
339,1882.0,2016-12-03,41,35,37,10,19,9,
340,1881.0,2016-11-30,30,10,53,44,3,56,
341,1880.0,2016-11-26,19,51,56,16,5,37,
342,1879.0,2016-11-23,20,58,10,59,57,5,
343,1878.0,2016-11-19,56,26,40,16,57,12,
344,1877.0,2016-11-16,35,13,32,16,24,23,
345,1876.0,2016-11-12,7,18,51,41,44,39,
346,1875.0,2016-11-10,53,45,47,1,52,55,
347,1874.0,2016-11-08,43,28,10,37,47,44,
348,1873.0,2016-11-05,25,5,53,28,41,54,
349,1872.0,2016-11-03,39,11,56,46,13,25,
350,1871.0,2016-10-29,17,58,33,52,11,3,
351,1870.0,2016-10-26,30,40,33,18,20,32,
352,1869.0,2016-10-22,11,26,24,52,40,23,
353,1868.0,2016-10-20,25,5,31,1,28,23,
354,1867.0,2016-10-18,3,43,21,17,22,10,
355,1866.0,2016-10-15,14,36,60,38,17,44,
356,1865.0,2016-10-13,42,5,32,37,1,31,
357,1864.0,2016-10-08,5,4,37,40,60,14,
358,1863.0,2016-10-05,23,45,16,58,59,56,
359,1862.0,2016-10-01,8,49,35,42,56,2,
360,1861.0,2016-09-28,45,9,60,2,35,4,
361,1860.0,2016-09-24,10,40,30,44,36,60,
362,1859.0,2016-09-22,13,26,1,21,14,51,
363,1858.0,2016-09-20,55,30,28,59,33,22,
364,1857.0,2016-09-17,53,35,52,25,23,13,
365,1856.0,2016-09-14,14,9,2,32,22,37,
366,1855.0,2016-09-10,6,38,24,39,15,10,
367,1854.0,2016-09-08,59,30,43,31,34,25,
368,1853.0,2016-09-03,2,41,39,1,34,45,
369,1852.0,2016-08-31,29,13,49,50,45,17,
370,1851.0,2016-08-27,35,22,8,37,21,18,
371,1850.0,2016-08-24,24,32,23,40,41,38,
372,1849.0,2016-08-20,35,27,3,11,44,5,
373,1848.0,2016-08-17,58,41,50,40,9,55,
374,1847.0,2016-08-13,45,1,57,49,50,6,
375,1846.0,2016-08-11,49,26,30,34,24,6,
376,1845.0,2016-08-09,9,3,29,13,30,51,
377,1844.0,2016-08-06,4,3,37,39,48,50,
378,1843.0,2016-08-03,28,26,33,41,8,54,
379,1842.0,2016-07-30,18,43,22,24,16,34,
380,1841.0,2016-07-27,6,51,13,38,49,3,
381,1840.0,2016-07-23,33,41,48,15,17,47,
382,1839.0,2016-07-20,28,32,22,56,58,7,
383,1838.0,2016-07-16,59,24,30,8,57,5,
384,1837.0,2016-07-14,41,48,57,50,44,54,
385,1836.0,2016-07-12,59,18,45,60,8,15,
386,1835.0,2016-07-09,50,36,8,28,47,58,
387,1834.0,2016-07-06,2,22,51,24,48,17,
388,1833.0,2016-07-02,2,42,3,27,16,7,
389,1832.0,2016-06-29,34,47,57,56,14,46,
390,1831.0,2016-06-25,55,15,48,32,28,27,
391,1830.0,2016-06-22,29,3,54,7,37,60,
392,1829.0,2016-06-18,53,32,30,7,24,13,
393,1828.0,2016-06-15,40,32,11,6,59,48,
394,1827.0,2016-06-11,43,33,53,26,54,42,
395,1826.0,2016-06-09,43,48,32,19,17,51,
396,1825.0,2016-06-07,21,54,10,50,51,11,
397,1824.0,2016-06-04,19,30,60,12,6,5,
398,1823.0,2016-06-01,54,34,59,21,9,4,
399,1822.0,2016-05-28,22,53,26,1,43,50,
400,1821.0,2016-05-25,53,31,19,52,36,22,
401,1820.0,2016-05-21,27,19,23,3,45,40,
402,1819.0,2016-05-18,37,26,18,30,33,17,
403,1818.0,2016-05-14,10,53,15,2,6,56,
404,1817.0,2016-05-11,47,1,26,55,39,4,
405,1816.0,2016-05-07,12,10,46,28,22,5,
406,1815.0,2016-05-05,60,8,25,39,41,11,
407,1814.0,2016-05-03,53,51,27,11,46,9,
408,1813.0,2016-04-30,51,9,13,15,19,11,
409,1812.0,2016-04-27,45,34,23,20,37,32,
410,1811.0,2016-04-23,32,37,5,35,17,57,
411,1810.0,2016-04-20,56,10,43,50,1,25,
412,1809.0,2016-04-16,23,12,54,46,9,24,
413,1808.0,2016-04-13,20,25,45,2,41,14,
414,1807.0,2016-04-09,43,15,22,1,16,25,
415,1806.0,2016-04-06,11,42,55,58,35,20,
416,1805.0,2016-04-02,17,49,27,22,57,31,
417,1804.0,2016-03-30,20,50,48,59,28,21,
418,1803.0,2016-03-26,4,29,8,49,38,50,
419,1802.0,2016-03-23,6,14,2,17,44,13,
420,1801.0,2016-03-19,19,45,43,6,54,34,
421,1800.0,2016-03-16,31,56,16,6,11,19,
422,1799.0,2016-03-12,53,1,3,4,51,39,
423,1798.0,2016-03-10,9,28,45,2,23,53,
424,1797.0,2016-03-08,2,57,35,13,54,14,
425,1796.0,2016-03-05,54,22,48,34,23,53,
426,1795.0,2016-03-02,55,50,42,58,47,30,
427,1794.0,2016-02-27,1,5,37,60,34,40,
428,1793.0,2016-02-24,56,13,22,54,14,58,
429,1792.0,2016-02-20,47,41,18,17,2,16,
430,1791.0,2016-02-17,55,12,50,18,53,46,
431,1790.0,2016-02-13,28,13,11,26,50,27,
432,1789.0,2016-02-10,57,59,6,25,43,58,
433,1788.0,2016-02-06,42,45,56,13,3,59,
434,1787.0,2016-02-04,1,29,13,25,5,26,
435,1786.0,2016-02-02,34,8,2,21,25,6,
436,1785.0,2016-01-30,27,5,42,54,41,11,
437,1784.0,2016-01-27,30,15,54,55,26,4,
438,1783.0,2016-01-23,38,16,21,4,18,6,
439,1782.0,2016-01-20,34,57,47,18,6,52,
440,1781.0,2016-01-16,22,8,52,1,53,49,
441,1780.0,2016-01-14,20,6,33,22,31,34,
442,1779.0,2016-01-12,25,56,30,12,39,57,
443,1778.0,2016-01-09,4,38,48,10,45,40,
444,1777.0,2016-01-06,55,4,44,38,19,52,
445,1776.0,2016-01-02,39,11,48,14,19,10,
446,1775.0,2015-12-31,31,2,51,42,18,56,
447,1774.0,2015-12-26,1,52,30,60,20,12,
448,1773.0,2015-12-24,45,41,39,30,15,59,
449,1772.0,2015-12-22,27,39,19,41,12,45,
450,1771.0,2015-12-19,38,2,27,28,32,20,
451,1770.0,2015-12-16,34,30,41,11,27,26,
452,1769.0,2015-12-12,32,44,54,60,47,37,
453,1768.0,2015-12-09,35,11,7,50,34,5,
454,1767.0,2015-12-05,44,26,39,35,16,45,
455,1766.0,2015-12-02,60,23,22,46,53,41,
456,1765.0,2015-11-28,1,28,56,37,6,58,
457,1764.0,2015-11-25,6,7,41,39,29,55,
458,1763.0,2015-11-21,21,9,15,36,12,31,
459,1762.0,2015-11-18,45,59,42,55,32,26,
460,1761.0,2015-11-14,53,36,10,9,50,55,
461,1760.0,2015-11-13,25,10,24,47,48,36,
462,1759.0,2015-11-10,2,14,21,60,22,51,
463,1758.0,2015-11-07,6,23,16,11,42,36,
464,1757.0,2015-11-04,43,13,28,56,37,25,
465,1756.0,2015-10-31,28,13,6,14,45,35,
466,1755.0,2015-10-28,48,5,30,18,8,2,
467,1754.0,2015-10-24,20,31,40,30,27,53,
468,1753.0,2015-10-21,54,8,45,29,35,15,
469,1752.0,2015-10-17,36,53,55,37,60,9,
470,1751.0,2015-10-15,42,22,51,23,57,15,
471,1750.0,2015-10-13,17,41,48,15,20,31,
472,1749.0,2015-10-10,33,13,14,3,43,29,
473,1748.0,2015-10-07,2,53,13,49,10,41,
474,1747.0,2015-10-03,53,34,59,33,48,6,
475,1746.0,2015-09-30,37,40,6,58,41,18,
476,1745.0,2015-09-26,13,47,60,18,52,9,
477,1744.0,2015-09-23,12,9,56,29,14,42,
478,1743.0,2015-09-19,34,31,29,4,10,35,
479,1742.0,2015-09-16,23,27,21,19,52,11,
480,1741.0,2015-09-12,49,18,20,32,15,48,
481,1740.0,2015-09-09,38,15,47,25,10,53,
482,1739.0,2015-09-05,34,17,9,46,10,32,
483,1738.0,2015-09-02,53,46,28,48,37,12,
484,1737.0,2015-08-29,59,5,51,42,50,8,
485,1736.0,2015-08-26,13,32,12,41,24,29,
486,1735.0,2015-08-22,46,16,33,45,34,6,
487,1734.0,2015-08-19,52,29,17,41,12,25,
488,1733.0,2015-08-15,5,9,41,14,3,46,
489,1732.0,2015-08-12,25,60,34,53,45,38,
490,1731.0,2015-08-08,59,49,43,5,27,18,
491,1730.0,2015-08-06,1,24,10,17,42,51,
492,1729.0,2015-08-04,53,14,44,7,23,43,
493,1728.0,2015-08-01,28,39,8,59,42,3,
494,1727.0,2015-07-29,4,6,41,40,19,20,
495,1726.0,2015-07-25,42,54,57,3,49,10,
496,1725.0,2015-07-22,26,31,30,18,16,34,
497,1724.0,2015-07-18,27,39,37,58,60,33,
498,1723.0,2015-07-15,27,60,30,14,46,52,
499,1722.0,2015-07-11,41,39,9,49,23,58,
500,1721.0,2015-07-09,12,33,4,38,36,19,
501,1720.0,2015-07-07,49,39,18,31,57,23,
502,1719.0,2015-07-04,44,22,31,54,34,1,
503,1718.0,2015-07-01,30,53,4,31,47,32,
504,1717.0,2015-06-27,9,58,16,44,2,37,
505,1716.0,2015-06-24,25,36,2,53,42,41,
506,1715.0,2015-06-20,20,16,35,40,60,53,
507,1714.0,2015-06-17,51,2,24,52,36,8,
508,1713.0,2015-06-13,3,29,10,16,23,27,
509,1712.0,2015-06-10,50,19,59,2,29,12,
510,1711.0,2015-06-06,38,22,50,45,26,39,
511,1710.0,2015-06-03,59,56,7,28,21,58,
512,1709.0,2015-05-30,30,7,47,35,19,42,
513,1708.0,2015-05-27,38,50,29,45,17,32,
514,1707.0,2015-05-23,36,27,20,7,16,52,
515,1706.0,2015-05-20,12,31,34,48,36,56,
516,1705.0,2015-05-16,50,37,51,27,29,25,
517,1704.0,2015-05-13,11,7,59,51,32,1,
518,1703.0,2015-05-09,49,3,35,39,23,26,
519,1702.0,2015-05-07,39,52,17,35,19,33,
520,1701.0,2015-05-05,9,3,18,40,32,56,
521,1700.0,2015-05-02,58,41,48,50,15,18,
522,1699.0,2015-04-29,1,10,30,33,38,6,
523,1698.0,2015-04-25,24,44,28,13,45,11,
524,1697.0,2015-04-22,8,30,23,51,53,58,
525,1696.0,2015-04-18,12,1,31,37,17,46,
526,1695.0,2015-04-15,36,43,38,24,58,44,
527,1694.0,2015-04-11,34,29,20,37,57,45,
528,1693.0,2015-04-08,19,18,38,5,21,15,
529,1692.0,2015-04-04,44,56,13,14,27,11,
530,1691.0,2015-04-01,39,45,58,10,1,24,
531,1690.0,2015-03-28,24,45,53,35,26,21,
532,1689.0,2015-03-25,41,2,53,5,13,27,
533,1688.0,2015-03-21,18,23,42,56,32,30,
534,1687.0,2015-03-18,15,58,24,37,46,49,
535,1686.0,2015-03-14,44,37,9,55,14,46,
536,1685.0,2015-03-11,39,46,18,51,31,3,
537,1684.0,2015-03-07,9,12,31,50,18,39,
538,1683.0,2015-03-04,48,4,12,34,32,33,
539,1682.0,2015-02-28,13,39,51,37,35,7,
540,1681.0,2015-02-25,1,33,8,11,6,50,
541,1680.0,2015-02-21,37,46,47,51,23,38,
542,1679.0,2015-02-18,28,2,1,46,27,47,
543,1678.0,2015-02-14,35,52,17,19,9,11,
544,1677.0,2015-02-11,52,33,15,28,51,10,
545,1676.0,2015-02-07,2,1,37,51,48,11,
546,1675.0,2015-02-04,36,3,35,56,18,34,
547,1674.0,2015-01-31,42,59,30,58,50,22,
548,1673.0,2015-01-28,35,10,47,5,24,23,
549,1672.0,2015-01-24,20,10,1,5,42,3,
550,1671.0,2015-01-21,21,31,56,55,45,27,
551,1670.0,2015-01-17,1,33,30,17,47,19,
552,1669.0,2015-01-14,29,28,31,48,45,49,
553,1668.0,2015-01-10,47,40,55,57,52,5,
554,1667.0,2015-01-07,51,24,56,7,12,44,
555,1666.0,2015-01-03,51,27,1,23,45,2,
556,1665.0,2014-12-31,20,11,16,1,56,5,
557,1664.0,2014-12-24,48,8,21,36,23,29,
558,1663.0,2014-12-20,20,27,49,40,55,18,
559,1662.0,2014-12-17,57,10,25,14,33,29,
560,1661.0,2014-12-13,16,48,43,27,58,13,
561,1660.0,2014-12-10,17,38,42,51,34,8,
562,1659.0,2014-12-06,20,33,37,49,4,10,
563,1658.0,2014-12-03,7,40,19,49,11,23,
564,1657.0,2014-11-29,10,54,37,45,14,7,
565,1656.0,2014-11-26,6,4,43,54,56,11,
566,1655.0,2014-11-22,56,46,7,24,28,53,
567,1654.0,2014-11-19,50,33,42,7,58,16,
568,1653.0,2014-11-14,45,22,27,21,1,32,
569,1652.0,2014-11-12,44,28,24,57,7,26,
570,1651.0,2014-11-08,27,44,8,35,38,41,
571,1650.0,2014-11-05,23,57,29,17,60,38,
572,1649.0,2014-11-01,54,33,24,44,38,42,
573,1648.0,2014-10-29,48,18,15,22,20,16,
574,1647.0,2014-10-25,38,54,23,12,17,53,
575,1646.0,2014-10-22,34,23,41,19,40,58,
576,1645.0,2014-10-18,31,37,21,38,8,18,
577,1644.0,2014-10-15,10,16,34,13,60,22,
578,1643.0,2014-10-11,19,20,16,60,28,37,
579,1642.0,2014-10-08,47,3,43,42,60,23,
580,1641.0,2014-10-04,51,30,29,33,46,23,
581,1640.0,2014-10-01,6,18,46,23,31,2,
582,1639.0,2014-09-27,35,51,34,49,16,29,
583,1638.0,2014-09-24,38,2,42,58,41,1,
584,1637.0,2014-09-20,5,56,24,55,1,47,
585,1636.0,2014-09-17,33,19,52,51,35,26,
586,1635.0,2014-09-13,30,32,51,8,28,23,
587,1634.0,2014-09-10,44,9,33,10,23,51,
588,1633.0,2014-09-06,2,11,49,13,36,1,
589,1632.0,2014-09-03,18,56,27,6,24,59,
590,1631.0,2014-08-30,47,48,44,60,4,29,
591,1630.0,2014-08-27,30,43,7,44,1,54,
592,1629.0,2014-08-23,47,20,35,4,59,24,
593,1628.0,2014-08-20,38,26,60,34,29,50,
594,1627.0,2014-08-16,26,57,20,32,45,41,
595,1626.0,2014-08-13,3,52,5,43,35,14,
596,1625.0,2014-08-09,45,11,22,52,36,40,
597,1624.0,2014-08-07,32,2,27,47,58,41,
598,1623.0,2014-08-05,33,56,59,43,50,49,
599,1622.0,2014-08-02,21,7,5,53,45,4,
600,1621.0,2014-07-30,24,22,38,49,10,39,
601,1620.0,2014-07-26,57,23,38,13,34,27,
602,1619.0,2014-07-23,46,17,5,42,47,8,
603,1618.0,2014-07-19,9,51,20,24,52,43,
604,1617.0,2014-07-16,23,31,47,54,3,26,
605,1616.0,2014-07-12,46,40,58,31,28,42,
606,1615.0,2014-07-09,26,20,5,44,33,31,
607,1614.0,2014-07-05,49,27,43,17,14,21,
608,1613.0,2014-07-02,31,18,4,46,44,49,
609,1612.0,2014-06-28,17,51,36,6,42,13,
610,1611.0,2014-06-25,24,51,50,28,58,47,
611,1610.0,2014-06-21,36,53,35,9,1,4,
612,1609.0,2014-06-18,2,26,6,13,53,60,
613,1608.0,2014-06-14,6,43,17,5,54,59,
614,1607.0,2014-06-11,32,41,51,7,31,52,
615,1606.0,2014-06-07,54,1,15,37,46,42,
616,1605.0,2014-06-04,42,30,9,19,31,21,
617,1604.0,2014-05-31,21,40,51,27,24,2,
618,1603.0,2014-05-28,13,53,20,31,60,27,
619,1602.0,2014-05-24,8,44,40,35,22,12,
620,1601.0,2014-05-21,60,24,56,45,10,8,
621,1600.0,2014-05-17,9,46,23,32,35,57,
622,1599.0,2014-05-14,35,10,15,58,36,3,
623,1598.0,2014-05-10,36,47,42,29,53,31,
624,1597.0,2014-05-07,16,52,5,44,10,50,
625,1596.0,2014-05-03,5,12,1,7,45,10,
626,1595.0,2014-04-30,59,5,42,8,46,2,
627,1594.0,2014-04-26,53,43,23,6,7,8,
628,1593.0,2014-04-23,4,17,38,9,18,21,
629,1592.0,2014-04-19,41,49,36,42,31,38,
630,1591.0,2014-04-16,4,23,55,10,38,33,
631,1590.0,2014-04-12,40,7,44,55,34,20,
632,1589.0,2014-04-09,11,41,51,5,19,4,
633,1588.0,2014-04-05,36,29,23,49,32,45,
634,1587.0,2014-04-02,8,21,19,30,52,56,
635,1586.0,2014-03-29,47,58,8,43,39,46,
636,1585.0,2014-03-26,55,47,43,48,49,2,
637,1584.0,2014-03-22,27,54,28,50,22,3,
638,1583.0,2014-03-19,18,2,9,47,17,45,
639,1582.0,2014-03-15,4,17,1,48,13,38,
640,1581.0,2014-03-12,31,34,15,14,25,30,
641,1580.0,2014-03-08,1,6,14,17,33,36,
642,1579.0,2014-03-05,34,25,40,51,60,49,
643,1578.0,2014-03-01,6,53,56,30,37,3,
644,1577.0,2014-02-26,25,32,11,59,51,14,
645,1576.0,2014-02-22,26,30,21,15,13,46,
646,1575.0,2014-02-19,1,5,4,45,14,56,
647,1574.0,2014-02-15,6,28,33,48,46,27,
648,1573.0,2014-02-12,7,16,36,35,38,21,
649,1572.0,2014-02-08,46,42,27,45,20,47,
650,1571.0,2014-02-05,46,60,55,32,3,29,
651,1570.0,2014-02-01,18,46,42,15,56,24,
652,1569.0,2014-01-29,42,15,18,31,5,53,
653,1568.0,2014-01-25,28,58,19,24,42,25,
654,1567.0,2014-01-22,53,38,30,2,15,48,
655,1566.0,2014-01-18,11,32,60,5,6,36,
656,1565.0,2014-01-15,43,41,37,51,18,39,
657,1564.0,2014-01-11,54,44,38,25,46,53,
658,1563.0,2014-01-09,43,36,1,20,13,6,
659,1562.0,2014-01-04,12,10,51,37,23,47,
660,1561.0,2014-01-02,28,26,54,55,23,60,
661,1560.0,2013-12-31,30,47,53,38,20,36,
662,1559.0,2013-12-21,37,58,12,29,8,16,
663,1558.0,2013-12-19,31,42,15,7,17,54,
664,1557.0,2013-12-17,46,18,16,45,31,4,
665,1556.0,2013-12-14,7,52,11,10,1,4,
666,1555.0,2013-12-11,5,52,59,2,33,23,
667,1554.0,2013-12-07,30,52,50,49,53,32,
668,1553.0,2013-12-04,29,21,20,46,22,60,
669,1552.0,2013-11-30,7,18,26,46,39,24,
670,1551.0,2013-11-27,2,23,38,15,21,19,
671,1550.0,2013-11-23,21,56,36,9,13,27,
672,1549.0,2013-11-20,32,53,16,20,12,10,
673,1548.0,2013-11-16,44,41,42,54,47,19,
674,1547.0,2013-11-13,28,21,9,10,2,18,
675,1546.0,2013-11-09,38,44,17,60,4,53,
676,1545.0,2013-11-06,6,48,11,45,4,24,
677,1544.0,2013-11-01,30,50,45,2,35,21,
678,1543.0,2013-10-30,30,7,23,20,15,41,
679,1542.0,2013-10-26,7,12,57,11,30,39,
680,1541.0,2013-10-23,37,5,24,44,49,58,
681,1540.0,2013-10-19,54,47,27,17,3,32,
682,1539.0,2013-10-16,10,49,8,58,20,26,
683,1538.0,2013-10-11,35,52,27,53,57,23,
684,1537.0,2013-10-09,6,56,33,50,51,10,
685,1536.0,2013-10-05,18,32,29,13,50,58,
686,1535.0,2013-10-02,55,25,9,8,54,41,
687,1534.0,2013-09-28,28,12,34,29,1,48,
688,1533.0,2013-09-25,29,21,47,57,13,34,
689,1532.0,2013-09-21,42,2,11,23,31,44,
690,1531.0,2013-09-18,24,41,12,42,44,13,
691,1530.0,2013-09-14,53,10,28,16,48,33,
692,1529.0,2013-09-11,35,17,15,34,49,11,
693,1528.0,2013-09-06,4,13,58,36,19,15,
694,1527.0,2013-09-04,32,44,42,48,16,36,
695,1526.0,2013-08-31,51,47,28,10,59,16,
696,1525.0,2013-08-28,30,46,35,54,26,2,
697,1524.0,2013-08-24,40,53,12,46,2,52,
698,1523.0,2013-08-21,25,39,44,41,31,22,
699,1522.0,2013-08-17,33,5,23,32,8,56,
700,1521.0,2013-08-14,18,30,14,11,33,39,
701,1520.0,2013-08-10,36,46,48,31,7,35,
702,1519.0,2013-08-08,6,23,56,15,5,59,
703,1518.0,2013-08-06,28,8,55,41,48,9,
704,1517.0,2013-08-03,45,38,52,17,7,56,
705,1516.0,2013-07-31,34,60,18,45,4,20,
706,1515.0,2013-07-27,59,49,13,18,4,14,
707,1514.0,2013-07-24,23,16,17,59,42,60,
708,1513.0,2013-07-20,31,57,17,56,28,58,
709,1512.0,2013-07-17,35,11,28,46,42,58,
710,1511.0,2013-07-13,8,29,31,4,17,45,
711,1510.0,2013-07-10,1,8,44,17,46,53,
712,1509.0,2013-07-06,27,51,1,46,59,6,
713,1508.0,2013-07-03,58,39,18,17,35,30,
714,1507.0,2013-06-29,46,24,51,50,56,52,
715,1506.0,2013-06-26,49,34,42,18,3,14,
716,1505.0,2013-06-22,32,1,6,9,16,2,
717,1504.0,2013-06-19,41,2,42,30,12,10,
718,1503.0,2013-06-15,36,22,42,3,16,4,
719,1502.0,2013-06-12,6,43,22,52,57,51,
720,1501.0,2013-06-08,13,37,54,7,29,1,
721,1500.0,2013-06-05,57,43,18,59,10,31,
722,1499.0,2013-06-01,26,37,8,22,54,33,
723,1498.0,2013-05-29,11,46,27,49,6,40,
724,1497.0,2013-05-25,58,7,27,45,4,5,
725,1496.0,2013-05-22,28,18,41,54,14,47,
726,1495.0,2013-05-18,13,49,4,44,14,57,
727,1494.0,2013-05-15,50,28,35,24,2,14,
728,1493.0,2013-05-11,30,24,12,49,7,27,
729,1492.0,2013-05-08,48,44,46,4,18,9,
730,1491.0,2013-05-04,56,6,45,60,26,50,
731,1490.0,2013-05-02,31,32,43,3,52,1,
732,1489.0,2013-04-27,48,15,24,28,1,26,
733,1488.0,2013-04-24,4,51,45,22,38,25,
734,1487.0,2013-04-20,4,17,23,28,9,53,
735,1486.0,2013-04-17,10,1,34,54,6,40,
736,1485.0,2013-04-13,30,59,27,36,4,54,
737,1484.0,2013-04-10,49,29,17,53,20,24,
738,1483.0,2013-04-06,55,53,1,35,56,39,
739,1482.0,2013-04-03,11,9,6,34,41,53,
740,1481.0,2013-03-30,40,27,55,17,28,44,
741,1480.0,2013-03-27,9,14,26,36,52,21,
742,1479.0,2013-03-23,57,21,54,48,50,60,
743,1478.0,2013-03-20,10,40,27,47,55,37,
744,1477.0,2013-03-16,50,59,56,46,3,4,
745,1476.0,2013-03-13,26,10,4,37,47,57,
746,1475.0,2013-03-09,13,12,51,37,48,44,
747,1474.0,2013-03-06,2,43,11,1,3,28,
748,1473.0,2013-03-02,60,12,57,58,33,2,
749,1472.0,2013-02-27,12,23,25,18,45,50,
750,1471.0,2013-02-23,58,33,36,40,25,10,
751,1470.0,2013-02-20,2,34,51,36,38,55,
752,1469.0,2013-02-16,4,56,54,13,35,58,
753,1468.0,2013-02-13,2,20,37,19,1,10,
754,1467.0,2013-02-09,41,53,26,23,52,24,
755,1466.0,2013-02-06,4,13,51,37,6,34,
756,1465.0,2013-02-02,11,6,53,44,16,26,
757,1464.0,2013-01-30,59,2,54,32,24,50,
758,1463.0,2013-01-26,40,22,13,29,48,28,
759,1462.0,2013-01-23,5,9,25,40,38,27,
760,1461.0,2013-01-19,44,31,49,54,36,47,
761,1460.0,2013-01-16,50,52,14,4,27,38,
762,1459.0,2013-01-12,2,6,35,30,52,34,
763,1458.0,2013-01-09,2,16,4,44,33,51,
764,1457.0,2013-01-05,34,16,46,15,42,59,
765,1456.0,2013-01-02,36,6,40,14,8,26,
766,1455.0,2012-12-31,33,14,52,36,32,41,
767,1454.0,2012-12-22,27,52,41,29,4,48,
768,1453.0,2012-12-20,47,32,25,57,6,13,
769,1452.0,2012-12-18,50,57,58,28,2,14,
770,1451.0,2012-12-15,57,10,33,2,11,52,
771,1450.0,2012-12-12,27,45,44,26,38,31,
772,1449.0,2012-12-08,2,18,30,56,52,6,
773,1448.0,2012-12-05,25,29,36,1,56,60,
774,1447.0,2012-12-01,1,41,28,33,39,19,
775,1446.0,2012-11-28,13,32,6,51,40,24,
776,1445.0,2012-11-24,41,32,19,58,5,49,
777,1444.0,2012-11-21,2,5,55,28,27,48,
778,1443.0,2012-11-17,52,32,12,54,20,48,
779,1442.0,2012-11-14,12,20,13,49,34,30,
780,1441.0,2012-11-10,56,29,53,36,38,17,
781,1440.0,2012-11-07,6,28,56,2,36,51,
782,1439.0,2012-11-03,35,55,2,43,34,42,
783,1438.0,2012-10-31,49,7,33,31,36,14,
784,1437.0,2012-10-27,48,37,26,22,38,23,
785,1436.0,2012-10-24,1,23,13,30,24,57,
786,1435.0,2012-10-20,45,47,50,52,15,4,
787,1434.0,2012-10-17,3,34,58,22,18,55,
788,1433.0,2012-10-13,14,46,40,13,4,52,
789,1432.0,2012-10-10,16,24,25,45,59,42,
790,1431.0,2012-10-06,33,54,40,5,9,13,
791,1430.0,2012-10-03,19,2,30,46,22,52,
792,1429.0,2012-09-29,9,22,60,48,12,39,
793,1428.0,2012-09-26,15,55,37,34,19,7,
794,1427.0,2012-09-22,47,44,53,56,8,39,
795,1426.0,2012-09-19,24,44,6,15,18,30,
796,1425.0,2012-09-15,7,29,50,16,38,36,
797,1424.0,2012-09-12,60,38,29,3,7,15,
798,1423.0,2012-09-08,43,8,21,27,3,25,
799,1422.0,2012-09-05,17,44,2,5,13,39,
800,1421.0,2012-09-01,31,39,59,19,53,44,
801,1420.0,2012-08-29,45,16,18,11,36,2,
802,1419.0,2012-08-25,52,21,48,58,30,17,
803,1418.0,2012-08-22,7,8,10,27,12,56,
804,1417.0,2012-08-18,12,56,5,52,45,59,
805,1416.0,2012-08-15,49,3,19,35,22,24,
806,1415.0,2012-08-11,51,49,46,40,36,26,
807,1414.0,2012-08-09,44,49,57,37,21,46,
808,1413.0,2012-08-07,54,33,13,55,45,15,
809,1412.0,2012-08-04,6,8,37,24,45,41,
810,1411.0,2012-08-01,32,44,12,8,48,46,
811,1410.0,2012-07-28,54,29,18,42,40,50,
812,1409.0,2012-07-25,50,6,47,58,26,19,
813,1408.0,2012-07-21,43,39,20,19,24,4,
814,1407.0,2012-07-18,53,42,31,43,29,18,
815,1406.0,2012-07-14,7,10,38,17,24,57,
816,1405.0,2012-07-11,14,17,32,37,39,3,
817,1404.0,2012-07-07,7,32,31,51,27,8,
818,1403.0,2012-07-04,16,39,13,26,42,20,
819,1402.0,2012-06-30,38,10,27,2,21,9,
820,1401.0,2012-06-27,12,11,54,33,48,25,
821,1400.0,2012-06-23,34,26,9,43,54,53,
822,1399.0,2012-06-20,39,43,60,57,34,56,
823,1398.0,2012-06-16,42,51,14,40,32,33,
824,1397.0,2012-06-13,15,56,3,27,4,7,
825,1396.0,2012-06-09,52,48,54,58,55,29,
826,1395.0,2012-06-06,5,44,11,19,17,48,
827,1394.0,2012-06-02,11,35,16,46,24,50,
828,1393.0,2012-05-30,44,28,18,24,4,39,
829,1392.0,2012-05-26,43,8,2,28,33,12,
830,1391.0,2012-05-23,19,7,12,34,53,40,
831,1390.0,2012-05-19,29,27,19,4,28,31,
832,1389.0,2012-05-16,1,44,39,16,57,28,
833,1388.0,2012-05-12,54,31,50,43,29,22,
834,1387.0,2012-05-09,43,27,18,52,50,32,
835,1386.0,2012-05-05,39,56,28,12,51,38,
836,1385.0,2012-05-02,42,37,35,27,59,36,
837,1384.0,2012-04-28,56,18,31,2,30,45,
838,1383.0,2012-04-25,9,55,23,44,7,46,
839,1382.0,2012-04-20,17,27,55,13,5,16,
840,1381.0,2012-04-18,44,30,27,11,40,57,
841,1380.0,2012-04-14,52,14,3,60,57,55,
842,1379.0,2012-04-11,45,5,36,12,50,58,
843,1378.0,2012-04-07,18,17,59,2,54,5,
844,1377.0,2012-04-04,25,5,13,12,35,2,
845,1376.0,2012-03-31,53,49,21,11,54,9,
846,1375.0,2012-03-28,25,28,53,45,14,58,
847,1374.0,2012-03-24,21,33,28,31,43,6,
848,1373.0,2012-03-21,52,39,7,27,55,57,
849,1372.0,2012-03-17,46,60,58,36,40,3,
850,1371.0,2012-03-14,47,11,8,49,3,4,
851,1370.0,2012-03-10,2,27,59,49,4,5,
852,1369.0,2012-03-07,32,24,16,38,5,46,
853,1368.0,2012-03-03,10,26,29,38,32,21,
854,1367.0,2012-03-01,38,29,43,13,7,2,
855,1366.0,2012-02-25,59,44,54,37,27,12,
856,1365.0,2012-02-22,50,35,32,26,2,24,
857,1364.0,2012-02-18,20,13,40,10,53,44,
858,1363.0,2012-02-15,52,25,42,45,35,57,
859,1362.0,2012-02-11,58,19,12,22,2,36,
860,1361.0,2012-02-08,37,27,44,30,38,23,
861,1360.0,2012-02-04,50,25,17,16,54,2,
862,1359.0,2012-02-01,12,17,28,53,6,10,
863,1358.0,2012-01-28,16,15,37,3,35,47,
864,1357.0,2012-01-25,55,52,26,19,1,24,
865,1356.0,2012-01-21,21,46,6,22,13,31,
866,1355.0,2012-01-18,39,49,11,24,17,46,
867,1354.0,2012-01-14,2,42,8,49,48,38,
868,1353.0,2012-01-11,47,11,3,27,32,13,
869,1352.0,2012-01-07,35,59,36,9,18,24,
870,1351.0,2012-01-04,13,50,41,36,56,33,
871,1350.0,2011-12-31,4,36,29,55,45,3,
872,1349.0,2011-12-24,9,19,20,50,60,51,
873,1348.0,2011-12-22,38,45,39,7,12,56,
874,1347.0,2011-12-20,19,45,54,56,46,9,
875,1346.0,2011-12-17,59,47,32,48,40,12,
876,1345.0,2011-12-14,50,40,26,7,19,17,
877,1344.0,2011-12-10,19,42,8,36,21,59,
878,1343.0,2011-12-07,51,31,42,20,56,19,
879,1342.0,2011-12-03,5,60,46,42,50,7,
880,1341.0,2011-11-30,11,40,37,20,1,52,
881,1340.0,2011-11-26,36,21,13,59,60,30,
882,1339.0,2011-11-23,59,10,16,14,7,54,
883,1338.0,2011-11-19,19,33,18,43,60,1,
884,1337.0,2011-11-16,38,2,45,35,20,51,
885,1336.0,2011-11-12,51,54,32,1,38,47,
886,1335.0,2011-11-09,49,3,51,20,22,14,
887,1334.0,2011-11-05,8,25,27,6,10,1,
888,1333.0,2011-11-03,25,51,26,42,28,33,
889,1332.0,2011-10-29,5,13,3,24,35,59,
890,1331.0,2011-10-26,24,46,39,57,26,9,
891,1330.0,2011-10-22,48,8,21,18,49,30,
892,1329.0,2011-10-19,43,50,8,7,39,11,
893,1328.0,2011-10-15,43,27,59,53,23,10,
894,1327.0,2011-10-13,41,35,36,16,52,54,
895,1326.0,2011-10-08,30,19,10,18,50,11,
896,1325.0,2011-10-05,35,2,20,43,5,16,
897,1324.0,2011-10-01,29,44,51,31,18,57,
898,1323.0,2011-09-28,25,37,15,6,48,55,
899,1322.0,2011-09-24,55,43,21,10,47,53,
900,1321.0,2011-09-21,51,59,47,10,60,53,
901,1320.0,2011-09-17,38,17,55,41,24,25,
902,1319.0,2011-09-14,16,4,18,27,5,51,
903,1318.0,2011-09-10,34,46,14,28,11,16,
904,1317.0,2011-09-08,35,29,37,13,6,30,
905,1316.0,2011-09-03,48,34,25,42,13,8,
906,1315.0,2011-08-31,27,29,1,50,52,38,
907,1314.0,2011-08-27,42,44,52,58,60,38,
908,1313.0,2011-08-24,39,26,49,1,4,43,
909,1312.0,2011-08-20,28,30,29,22,20,5,
910,1311.0,2011-08-17,54,7,19,12,45,9,
911,1310.0,2011-08-13,14,8,53,9,59,32,
912,1309.0,2011-08-11,7,12,25,26,32,39,
913,1308.0,2011-08-09,24,33,7,30,47,8,
914,1307.0,2011-08-06,10,47,54,7,43,32,
915,1306.0,2011-08-03,45,6,19,34,43,22,
916,1305.0,2011-07-30,44,11,5,46,36,3,
917,1304.0,2011-07-27,35,23,15,7,20,14,
918,1303.0,2011-07-23,19,51,54,8,52,46,
919,1302.0,2011-07-20,44,15,56,2,10,57,
920,1301.0,2011-07-16,16,25,3,51,23,56,
921,1300.0,2011-07-13,46,43,59,54,44,53,
922,1299.0,2011-07-09,56,32,8,22,43,53,
923,1298.0,2011-07-06,60,14,53,30,15,55,
924,1297.0,2011-07-02,2,56,11,5,59,13,
925,1296.0,2011-06-29,49,43,14,10,53,46,
926,1295.0,2011-06-25,20,2,43,15,5,57,
927,1294.0,2011-06-22,6,50,4,48,29,51,
928,1293.0,2011-06-18,24,50,1,44,13,40,
929,1292.0,2011-06-15,30,31,23,9,54,11,
930,1291.0,2011-06-11,18,57,58,40,47,54,
931,1290.0,2011-06-08,14,50,3,23,2,34,
932,1289.0,2011-06-04,13,8,27,1,3,52,
933,1288.0,2011-06-01,42,32,56,40,30,17,
934,1287.0,2011-05-28,33,42,12,31,11,52,
935,1286.0,2011-05-25,5,52,2,33,51,28,
936,1285.0,2011-05-21,33,10,15,38,31,28,
937,1284.0,2011-05-18,26,21,20,36,31,29,
938,1283.0,2011-05-14,59,8,60,44,40,30,
939,1282.0,2011-05-11,4,39,56,23,52,55,
940,1281.0,2011-05-07,36,14,30,38,11,8,
941,1280.0,2011-05-04,29,6,54,10,20,16,
942,1279.0,2011-04-30,8,29,36,35,14,40,
943,1278.0,2011-04-27,4,16,24,56,25,30,
944,1277.0,2011-04-23,50,59,18,31,60,12,
945,1276.0,2011-04-20,9,40,5,22,36,11,
946,1275.0,2011-04-16,58,55,14,2,60,48,
947,1274.0,2011-04-13,13,59,21,17,40,39,
948,1273.0,2011-04-09,60,26,19,58,13,40,
949,1272.0,2011-04-06,28,27,13,35,26,52,
950,1271.0,2011-04-02,2,52,39,59,48,1,
951,1270.0,2011-03-30,31,33,24,5,42,9,
952,1269.0,2011-03-26,51,5,27,4,15,17,
953,1268.0,2011-03-23,17,53,60,44,16,3,
954,1267.0,2011-03-19,47,58,4,41,20,30,
955,1266.0,2011-03-16,39,6,42,10,60,33,
956,1265.0,2011-03-12,13,50,46,24,60,19,
957,1264.0,2011-03-09,56,17,37,51,4,36,
958,1263.0,2011-03-05,41,53,18,4,36,26,
959,1262.0,2011-03-02,11,39,9,5,8,7,
960,1261.0,2011-02-26,10,41,14,22,53,42,
961,1260.0,2011-02-23,19,23,31,53,29,41,
962,1259.0,2011-02-19,39,54,58,46,4,6,
963,1258.0,2011-02-16,47,26,11,57,59,55,
964,1257.0,2011-02-12,27,15,30,52,26,2,
965,1256.0,2011-02-09,26,38,33,35,53,43,
966,1255.0,2011-02-05,23,5,54,39,38,51,
967,1254.0,2011-02-02,9,29,18,7,14,39,
968,1253.0,2011-01-29,2,51,17,44,43,23,
969,1252.0,2011-01-26,35,2,51,14,49,39,
970,1251.0,2011-01-22,48,27,34,52,46,5,
971,1250.0,2011-01-19,59,1,2,40,51,24,
972,1249.0,2011-01-15,3,40,8,53,51,36,
973,1248.0,2011-01-12,20,33,58,34,57,60,
974,1247.0,2011-01-08,9,11,24,3,51,36,
975,1246.0,2011-01-05,59,10,37,57,40,43,
976,1245.0,2010-12-31,34,10,37,50,43,2,
977,1244.0,2010-12-24,45,8,34,15,2,25,
978,1243.0,2010-12-22,32,19,23,57,9,29,
979,1242.0,2010-12-20,54,45,51,11,34,48,
980,1241.0,2010-12-18,13,26,25,10,28,45,
981,1240.0,2010-12-15,22,42,49,8,12,9,
982,1239.0,2010-12-11,15,1,48,37,39,52,
983,1238.0,2010-12-08,40,45,24,14,13,39,
984,1237.0,2010-12-04,26,21,39,5,18,59,
985,1236.0,2010-12-01,17,20,38,8,53,3,
986,1235.0,2010-11-27,16,49,55,20,10,26,
987,1234.0,2010-11-24,3,5,24,19,30,35,
988,1233.0,2010-11-20,49,22,59,29,32,54,
989,1232.0,2010-11-17,12,18,15,8,11,22,
990,1231.0,2010-11-13,20,27,49,5,23,39,
991,1230.0,2010-11-10,37,35,12,22,19,9,
992,1229.0,2010-11-06,12,49,60,32,30,40,
993,1228.0,2010-11-03,36,10,60,52,50,23,
994,1227.0,2010-10-30,35,31,4,30,54,28,
995,1226.0,2010-10-27,31,55,56,50,40,10,
996,1225.0,2010-10-23,32,55,34,31,50,40,
997,1224.0,2010-10-20,41,19,57,53,21,27,
998,1223.0,2010-10-16,17,15,48,42,35,47,
999,1222.0,2010-10-13,26,19,48,57,5,8,
1000,1221.0,2010-10-09,46,5,58,37,14,43,
1001,1220.0,2010-10-06,48,55,52,43,5,15,
1002,1219.0,2010-10-02,34,37,41,53,2,33,
1003,1218.0,2010-09-29,33,23,29,46,10,31,
1004,1217.0,2010-09-25,5,43,28,15,11,50,
1005,1216.0,2010-09-22,7,25,4,58,13,27,
1006,1215.0,2010-09-18,47,51,10,50,30,25,
1007,1214.0,2010-09-15,5,41,29,36,30,48,
1008,1213.0,2010-09-11,3,53,45,11,34,26,
1009,1212.0,2010-09-08,35,50,2,23,33,40,
1010,1211.0,2010-09-04,36,54,3,31,15,48,
1011,1210.0,2010-09-01,3,7,9,10,31,34,
1012,1209.0,2010-08-28,30,17,38,14,5,35,
1013,1208.0,2010-08-25,45,12,1,26,54,20,
1014,1207.0,2010-08-21,32,35,22,9,56,11,
1015,1206.0,2010-08-18,2,11,37,36,48,6,
1016,1205.0,2010-08-14,14,4,26,35,29,13,
1017,1204.0,2010-08-11,10,25,5,39,52,43,
1018,1203.0,2010-08-07,55,30,33,9,7,38,
1019,1202.0,2010-08-04,9,60,11,53,48,8,
1020,1201.0,2010-07-31,36,32,55,49,60,28,
1021,1200.0,2010-07-28,10,3,39,54,56,11,
1022,1199.0,2010-07-24,58,28,23,39,16,19,
1023,1198.0,2010-07-21,29,22,36,58,41,48,
1024,1197.0,2010-07-17,39,54,36,37,60,49,
1025,1196.0,2010-07-14,60,3,20,19,58,6,
1026,1195.0,2010-07-10,27,17,57,26,55,20,
1027,1194.0,2010-07-07,24,53,41,6,13,50,
1028,1193.0,2010-07-03,12,54,2,32,14,9,
1029,1192.0,2010-06-30,49,17,20,59,57,52,
1030,1191.0,2010-06-26,25,22,11,16,33,3,
1031,1190.0,2010-06-23,11,53,56,37,10,19,
1032,1189.0,2010-06-19,50,21,14,35,31,27,
1033,1188.0,2010-06-16,60,52,59,9,44,20,
1034,1187.0,2010-06-12,8,49,43,17,40,19,
1035,1186.0,2010-06-09,41,12,15,7,13,8,
1036,1185.0,2010-06-05,54,10,2,43,21,35,
1037,1184.0,2010-06-02,4,23,27,28,9,30,
1038,1183.0,2010-05-29,12,5,10,20,29,37,
1039,1182.0,2010-05-26,52,29,56,60,2,4,
1040,1181.0,2010-05-22,44,18,45,31,26,20,
1041,1180.0,2010-05-19,60,12,34,30,44,57,
1042,1179.0,2010-05-15,59,28,47,60,22,5,
1043,1178.0,2010-05-12,1,53,22,50,45,30,
1044,1177.0,2010-05-08,33,52,55,47,38,50,
1045,1176.0,2010-05-05,21,11,49,14,33,30,
1046,1175.0,2010-04-30,2,3,12,37,47,16,
1047,1174.0,2010-04-28,7,52,6,51,47,39,
1048,1173.0,2010-04-24,7,25,24,36,5,47,
1049,1172.0,2010-04-20,28,52,6,43,12,56,
1050,1171.0,2010-04-17,41,3,10,30,57,13,
1051,1170.0,2010-04-14,46,11,27,34,49,13,
1052,1169.0,2010-04-10,14,1,11,23,42,48,
1053,1168.0,2010-04-07,47,20,4,56,53,5,
1054,1167.0,2010-04-03,43,28,56,20,52,51,
1055,1166.0,2010-03-31,35,28,54,30,22,31,
1056,1165.0,2010-03-27,20,52,60,42,54,40,
1057,1164.0,2010-03-24,17,6,14,40,49,26,
1058,1163.0,2010-03-20,5,51,31,53,47,17,
1059,1162.0,2010-03-17,31,25,18,41,22,30,
1060,1161.0,2010-03-13,48,47,7,4,42,51,
1061,1160.0,2010-03-10,40,5,3,48,1,18,
1062,1159.0,2010-03-06,53,46,5,6,34,55,
1063,1158.0,2010-03-03,23,31,60,55,30,54,
1064,1157.0,2010-02-27,46,9,43,41,49,29,
1065,1156.0,2010-02-24,31,49,44,24,9,48,
1066,1155.0,2010-02-20,28,58,41,40,51,20,
1067,1154.0,2010-02-17,4,14,21,26,12,28,
1068,1153.0,2010-02-13,55,46,34,17,19,6,
1069,1152.0,2010-02-10,47,36,44,29,20,14,
1070,1151.0,2010-02-06,1,25,4,14,21,51,
1071,1150.0,2010-02-03,28,17,35,52,31,15,
1072,1149.0,2010-01-30,46,54,8,36,7,23,
1073,1148.0,2010-01-27,48,32,29,55,27,28,
1074,1147.0,2010-01-23,23,39,52,31,6,33,
1075,1146.0,2010-01-20,10,34,53,33,28,6,
1076,1145.0,2010-01-16,19,3,60,33,24,16,
1077,1144.0,2010-01-13,19,10,49,18,1,44,
1078,1143.0,2010-01-09,35,47,60,44,30,3,
1079,1142.0,2010-01-06,28,31,15,58,3,26,
1080,1141.0,2010-01-02,40,9,37,58,50,60,
1081,1140.0,2009-12-31,49,58,40,46,10,27,
1082,1139.0,2009-12-26,36,42,37,9,28,31,
1083,1138.0,2009-12-24,4,25,18,15,36,2,
1084,1137.0,2009-12-22,21,28,19,25,50,43,
1085,1136.0,2009-12-19,7,31,32,37,43,34,
1086,1135.0,2009-12-16,5,4,19,39,6,23,
1087,1134.0,2009-12-12,29,36,56,22,9,51,
1088,1133.0,2009-12-09,16,5,58,39,10,21,
1089,1132.0,2009-12-05,52,30,27,12,55,33,
1090,1131.0,2009-12-02,49,34,36,1,16,8,
1091,1130.0,2009-11-28,23,49,32,54,18,5,
1092,1129.0,2009-11-25,47,19,17,12,32,55,
1093,1128.0,2009-11-21,60,8,39,52,24,16,
1094,1127.0,2009-11-18,24,8,14,5,29,30,
1095,1126.0,2009-11-14,59,31,57,4,52,42,
1096,1125.0,2009-11-11,7,42,56,29,33,3,
1097,1124.0,2009-11-07,49,11,7,18,16,33,
1098,1123.0,2009-11-04,19,4,39,14,45,60,
1099,1122.0,2009-10-31,49,44,56,26,46,55,
1100,1121.0,2009-10-28,18,4,59,54,56,17,
1101,1120.0,2009-10-24,50,55,7,35,44,40,
1102,1119.0,2009-10-21,44,54,41,45,34,10,
1103,1118.0,2009-10-17,55,44,8,20,43,21,
1104,1117.0,2009-10-14,27,35,40,1,6,17,
1105,1116.0,2009-10-10,17,20,4,47,9,13,
1106,1115.0,2009-10-07,44,41,18,50,37,30,
1107,1114.0,2009-10-03,16,3,22,54,25,15,
1108,1113.0,2009-09-30,47,36,29,59,3,6,
1109,1112.0,2009-09-26,4,34,52,32,58,43,
1110,1111.0,2009-09-23,4,43,25,9,33,32,
1111,1110.0,2009-09-19,26,45,6,28,42,14,
1112,1109.0,2009-09-16,11,52,14,6,29,8,
1113,1108.0,2009-09-12,60,44,7,39,43,9,
1114,1107.0,2009-09-09,36,20,54,9,3,53,
1115,1106.0,2009-09-05,4,15,50,60,43,47,
1116,1105.0,2009-09-02,43,1,50,28,57,15,
1117,1104.0,2009-08-29,3,35,58,49,2,6,
1118,1103.0,2009-08-26,41,19,10,28,55,56,
1119,1102.0,2009-08-22,46,23,9,35,11,51,
1120,1101.0,2009-08-19,7,12,57,6,24,10,
1121,1100.0,2009-08-15,41,33,17,18,7,42,
1122,1099.0,2009-08-12,55,44,38,35,14,31,
1123,1098.0,2009-08-08,30,20,21,11,50,52,
1124,1097.0,2009-08-05,21,48,33,1,56,17,
1125,1096.0,2009-08-01,3,41,52,14,13,16,
1126,1095.0,2009-07-29,27,23,36,10,21,16,
1127,1094.0,2009-07-25,10,9,48,36,41,21,
1128,1093.0,2009-07-22,27,49,38,23,41,19,
1129,1092.0,2009-07-18,40,30,1,9,33,34,
1130,1091.0,2009-07-15,27,56,17,24,49,23,
1131,1090.0,2009-07-11,24,9,40,20,36,42,
1132,1089.0,2009-07-08,37,48,32,2,18,20,
1133,1088.0,2009-07-04,24,42,35,31,6,57,
1134,1087.0,2009-07-01,36,46,28,32,3,20,
1135,1086.0,2009-06-27,45,4,6,23,10,2,
1136,1085.0,2009-06-24,39,50,21,12,40,55,
1137,1084.0,2009-06-20,20,5,29,59,40,33,
1138,1083.0,2009-06-17,20,28,42,23,10,43,
1139,1082.0,2009-06-13,4,40,50,17,55,38,
1140,1081.0,2009-06-10,9,56,29,52,16,24,
1141,1080.0,2009-06-06,56,11,20,41,34,18,
1142,1079.0,2009-06-03,36,12,37,24,5,28,
1143,1078.0,2009-05-30,3,6,45,34,41,43,
1144,1077.0,2009-05-27,11,6,18,5,37,9,
1145,1076.0,2009-05-23,32,33,10,19,42,4,
1146,1075.0,2009-05-20,53,39,16,21,10,12,
1147,1074.0,2009-05-16,3,47,10,50,29,23,
1148,1073.0,2009-05-13,44,36,32,8,34,25,
1149,1072.0,2009-05-09,19,18,54,47,43,9,
1150,1071.0,2009-05-06,5,37,43,7,53,54,
1151,1070.0,2009-05-02,41,53,8,23,5,16,
1152,1069.0,2009-04-29,28,17,49,53,45,9,
1153,1068.0,2009-04-25,44,48,25,57,27,47,
1154,1067.0,2009-04-22,14,10,56,25,4,28,
1155,1066.0,2009-04-18,10,43,49,32,25,6,
1156,1065.0,2009-04-15,7,57,19,43,39,30,
1157,1064.0,2009-04-11,28,4,19,16,49,29,
1158,1063.0,2009-04-08,49,1,22,47,44,50,
1159,1062.0,2009-04-04,55,8,2,37,23,33,
1160,1061.0,2009-04-01,9,41,56,23,21,30,
1161,1060.0,2009-03-28,1,41,3,18,16,42,
1162,1059.0,2009-03-25,37,1,14,45,12,16,
1163,1058.0,2009-03-21,20,51,57,45,24,18,
1164,1057.0,2009-03-18,15,49,59,4,3,2,
1165,1056.0,2009-03-14,38,8,50,53,59,6,
1166,1055.0,2009-03-11,27,32,15,12,20,16,
1167,1054.0,2009-03-07,41,27,13,60,14,18,
1168,1053.0,2009-03-04,15,42,27,53,34,49,
1169,1052.0,2009-02-28,8,11,16,15,57,52,
1170,1051.0,2009-02-25,57,11,7,43,10,13,
1171,1050.0,2009-02-21,60,14,45,24,33,26,
1172,1049.0,2009-02-18,34,17,52,5,2,29,
1173,1048.0,2009-02-14,57,3,38,21,28,16,
1174,1047.0,2009-02-11,1,2,10,48,14,8,
1175,1046.0,2009-02-07,57,40,28,42,54,55,
1176,1045.0,2009-02-04,31,6,5,17,50,1,
1177,1044.0,2009-01-31,58,10,39,11,13,35,
1178,1043.0,2009-01-28,25,14,51,48,60,21,
1179,1042.0,2009-01-24,25,46,51,18,13,30,
1180,1041.0,2009-01-21,12,10,36,54,44,57,
1181,1040.0,2009-01-17,44,1,28,55,6,39,
1182,1039.0,2009-01-14,52,2,20,27,36,24,
1183,1038.0,2009-01-10,51,7,6,28,35,43,
1184,1037.0,2009-01-07,56,36,4,44,46,53,
1185,1036.0,2009-01-03,27,39,36,10,41,52,
1186,1035.0,2008-12-31,51,60,1,11,59,26,
1187,1034.0,2008-12-27,20,42,1,3,49,18,
1188,1033.0,2008-12-24,39,6,5,33,54,17,
1189,1032.0,2008-12-20,57,43,15,29,26,16,
1190,1031.0,2008-12-17,49,33,24,40,46,43,
1191,1030.0,2008-12-13,57,8,54,1,23,37,
1192,1029.0,2008-12-10,17,5,16,24,20,32,
1193,1028.0,2008-12-06,54,26,34,51,20,52,
1194,1027.0,2008-12-03,20,18,47,44,60,33,
1195,1026.0,2008-11-29,10,33,51,53,6,17,
1196,1025.0,2008-11-26,52,40,29,27,28,10,
1197,1024.0,2008-11-22,28,53,18,39,22,29,
1198,1023.0,2008-11-19,45,40,2,7,18,8,
1199,1022.0,2008-11-16,31,21,40,39,56,5,
1200,1021.0,2008-11-12,42,55,51,43,2,33,
1201,1020.0,2008-11-08,19,32,52,1,2,39,
1202,1019.0,2008-11-05,29,47,4,13,46,23,
1203,1018.0,2008-11-01,55,51,58,9,44,24,
1204,1017.0,2008-10-29,31,51,19,6,56,34,
1205,1016.0,2008-10-25,11,9,25,5,60,20,
1206,1015.0,2008-10-22,49,8,28,3,26,17,
1207,1014.0,2008-10-18,60,57,9,25,8,41,
1208,1013.0,2008-10-15,7,9,20,41,12,19,
1209,1012.0,2008-10-11,47,19,58,14,40,55,
1210,1011.0,2008-10-08,30,2,52,21,11,35,
1211,1010.0,2008-10-04,2,46,3,37,13,54,
1212,1009.0,2008-10-01,34,12,1,6,58,29,
1213,1008.0,2008-09-27,7,15,42,48,34,13,
1214,1007.0,2008-09-24,49,27,4,36,52,37,
1215,1006.0,2008-09-20,48,17,4,33,55,2,
1216,1005.0,2008-09-17,6,41,4,37,12,42,
1217,1004.0,2008-09-13,45,47,29,40,44,43,
1218,1003.0,2008-09-10,10,27,23,5,16,26,
1219,1002.0,2008-09-06,3,31,7,25,40,58,
1220,1001.0,2008-09-03,15,37,27,12,60,51,
1221,1000.0,2008-08-30,49,58,53,39,38,29,
1222,999.0,2008-08-27,44,36,55,58,18,24,
1223,998.0,2008-08-23,28,21,4,32,3,22,
1224,997.0,2008-08-20,18,53,55,32,9,17,
1225,996.0,2008-08-16,21,23,20,7,29,15,
1226,995.0,2008-08-13,4,54,55,36,16,31,
1227,994.0,2008-08-09,44,40,58,29,3,20,
1228,993.0,2008-08-06,26,25,42,60,5,24,
1229,992.0,2008-08-02,6,8,4,1,25,28,
1230,991.0,2008-07-30,8,38,60,41,15,9,
1231,990.0,2008-07-26,29,18,2,15,10,39,
1232,989.0,2008-07-23,38,21,27,2,29,32,
1233,988.0,2008-07-19,48,17,46,56,60,8,
1234,987.0,2008-07-16,47,27,13,31,34,58,
1235,986.0,2008-07-12,32,6,31,24,15,19,
1236,985.0,2008-07-09,4,56,18,59,46,16,
1237,984.0,2008-07-05,46,20,4,43,47,10,
1238,983.0,2008-07-02,38,45,40,16,32,22,
1239,982.0,2008-06-28,12,24,8,40,43,49,
1240,981.0,2008-06-25,8,41,53,1,58,34,
1241,980.0,2008-06-21,35,17,59,15,36,29,
1242,979.0,2008-06-18,28,3,39,51,31,15,
1243,978.0,2008-06-14,42,58,12,18,16,27,
1244,977.0,2008-06-11,17,3,9,32,7,5,
1245,976.0,2008-06-07,28,53,38,23,14,25,
1246,975.0,2008-06-04,33,9,37,40,41,30,
1247,974.0,2008-05-31,45,20,38,31,16,12,
1248,973.0,2008-05-28,53,36,8,30,1,47,
1249,972.0,2008-05-24,33,18,15,56,31,34,
1250,971.0,2008-05-21,4,14,33,44,11,45,
1251,970.0,2008-05-17,57,34,5,54,28,21,
1252,969.0,2008-05-14,56,35,50,13,41,25,
1253,968.0,2008-05-10,30,4,13,60,51,1,
1254,967.0,2008-05-07,18,14,57,30,13,5,
1255,966.0,2008-05-03,1,58,26,28,4,41,
1256,965.0,2008-04-30,36,39,57,58,5,30,
1257,964.0,2008-04-26,42,13,33,20,8,26,
1258,963.0,2008-04-23,37,17,15,50,48,59,
1259,962.0,2008-04-19,2,48,49,40,55,11,
1260,961.0,2008-04-16,16,53,2,4,21,36,
1261,960.0,2008-04-12,34,6,33,18,53,19,
1262,959.0,2008-04-09,57,3,5,11,33,39,
1263,958.0,2008-04-05,13,22,7,33,51,48,
1264,957.0,2008-04-02,50,32,25,34,57,24,
1265,956.0,2008-03-29,46,51,47,59,54,57,
1266,955.0,2008-03-26,35,5,32,21,33,12,
1267,954.0,2008-03-22,8,5,24,18,57,33,
1268,953.0,2008-03-19,55,48,1,39,16,42,
1269,952.0,2008-03-15,54,11,27,18,2,30,
1270,951.0,2008-03-12,49,24,39,34,55,14,
1271,950.0,2008-03-08,48,59,49,41,42,23,
1272,949.0,2008-03-05,44,1,51,52,41,23,
1273,948.0,2008-03-01,22,44,41,46,52,54,
1274,947.0,2008-02-27,33,11,3,58,14,5,
1275,946.0,2008-02-23,59,1,47,5,52,12,
1276,945.0,2008-02-20,44,8,59,54,4,27,
1277,944.0,2008-02-16,16,58,43,37,52,59,
1278,943.0,2008-02-13,47,41,58,3,23,12,
1279,942.0,2008-02-09,5,52,18,8,59,42,
1280,941.0,2008-02-06,11,15,10,27,60,53,
1281,940.0,2008-02-02,25,33,51,31,5,37,
1282,939.0,2008-01-30,6,23,19,50,37,49,
1283,938.0,2008-01-26,35,15,27,57,50,59,
1284,937.0,2008-01-23,22,41,2,30,21,52,
1285,936.0,2008-01-19,5,33,14,29,44,22,
1286,935.0,2008-01-16,7,45,18,13,29,31,
1287,934.0,2008-01-12,25,48,44,3,21,1,
1288,933.0,2008-01-09,25,39,45,51,8,14,
1289,932.0,2008-01-05,2,21,42,53,36,17,
1290,931.0,2007-12-31,17,34,7,36,39,19,
1291,930.0,2007-12-22,46,20,55,37,28,49,
1292,929.0,2007-12-19,16,49,35,39,57,27,
1293,928.0,2007-12-15,32,10,49,60,4,33,
1294,927.0,2007-12-12,36,26,31,23,19,33,
1295,926.0,2007-12-08,40,41,34,33,21,59,
1296,925.0,2007-12-05,52,37,46,8,22,36,
1297,924.0,2007-12-01,51,27,60,21,20,2,
1298,923.0,2007-11-28,53,39,2,50,57,15,
1299,922.0,2007-11-24,41,49,45,19,13,12,
1300,921.0,2007-11-21,35,41,1,57,9,48,
1301,920.0,2007-11-17,17,57,55,24,52,5,
1302,919.0,2007-11-14,43,25,41,60,31,3,
1303,918.0,2007-11-10,38,44,8,4,12,52,
1304,917.0,2007-11-07,23,59,25,47,46,30,
1305,916.0,2007-11-03,33,37,5,38,28,36,
1306,915.0,2007-10-31,20,28,49,26,17,48,
1307,914.0,2007-10-27,33,51,9,23,45,12,
1308,913.0,2007-10-24,30,14,59,36,46,38,
1309,912.0,2007-10-20,26,21,54,4,19,29,
1310,911.0,2007-10-17,49,46,1,29,6,28,
1311,910.0,2007-10-13,53,29,36,3,15,27,
1312,909.0,2007-10-10,42,17,26,38,28,22,
1313,908.0,2007-10-06,19,1,9,25,50,52,
1314,907.0,2007-10-03,9,41,53,37,36,51,
1315,906.0,2007-09-29,35,39,29,24,7,14,
1316,905.0,2007-09-26,4,15,57,55,2,16,
1317,904.0,2007-09-22,32,44,59,53,48,51,
1318,903.0,2007-09-19,17,5,32,55,20,41,
1319,902.0,2007-09-15,52,55,23,50,58,18,
1320,901.0,2007-09-12,32,34,16,13,56,33,
1321,900.0,2007-09-08,4,21,59,18,38,34,
1322,899.0,2007-09-05,58,18,54,36,53,20,
1323,898.0,2007-09-01,4,8,3,54,45,30,
1324,897.0,2007-08-29,21,57,46,22,7,43,
1325,896.0,2007-08-25,31,11,41,35,22,5,
1326,895.0,2007-08-22,2,55,41,43,57,58,
1327,894.0,2007-08-18,37,24,44,28,20,41,
1328,893.0,2007-08-15,56,53,51,26,18,3,
1329,892.0,2007-08-11,1,49,52,42,19,44,
1330,891.0,2007-08-08,15,22,19,35,34,16,
1331,890.0,2007-08-04,9,21,22,7,17,54,
1332,889.0,2007-08-01,34,54,20,39,60,24,
1333,888.0,2007-07-28,50,24,40,54,52,60,
1334,887.0,2007-07-25,44,12,32,21,1,34,
1335,886.0,2007-07-21,50,55,37,33,59,17,
1336,885.0,2007-07-18,13,4,31,33,47,51,
1337,884.0,2007-07-14,22,11,2,14,39,12,
1338,883.0,2007-07-11,21,37,60,32,52,53,
1339,882.0,2007-07-07,42,45,44,60,41,17,
1340,881.0,2007-07-04,43,24,4,51,18,56,
1341,880.0,2007-06-30,51,30,49,25,37,46,
1342,879.0,2007-06-27,29,10,46,35,42,28,
1343,878.0,2007-06-23,37,12,43,38,11,54,
1344,877.0,2007-06-20,13,15,20,31,28,36,
1345,876.0,2007-06-16,4,12,41,45,60,8,
1346,875.0,2007-06-13,53,18,36,58,24,20,
1347,874.0,2007-06-09,59,20,52,42,44,10,
1348,873.0,2007-06-06,57,59,4,34,19,30,
1349,872.0,2007-06-02,18,55,58,43,31,5,
1350,871.0,2007-05-30,17,5,58,1,47,10,
1351,870.0,2007-05-26,52,8,43,34,40,21,
1352,869.0,2007-05-23,29,42,50,51,49,27,
1353,868.0,2007-05-19,57,51,21,22,25,40,
1354,867.0,2007-05-16,54,26,28,19,44,10,
1355,866.0,2007-05-12,36,48,27,40,5,46,
1356,865.0,2007-05-09,27,23,41,51,26,53,
1357,864.0,2007-05-05,31,11,33,42,57,8,
1358,863.0,2007-05-02,32,53,50,57,15,24,
1359,862.0,2007-04-28,19,35,12,2,11,8,
1360,861.0,2007-04-25,42,40,60,59,47,39,
1361,860.0,2007-04-23,22,8,17,42,44,2,
1362,859.0,2007-04-18,46,47,12,57,34,9,
1363,858.0,2007-04-14,31,37,54,23,4,18,
1364,857.0,2007-04-11,17,59,49,2,3,50,
1365,856.0,2007-04-07,11,40,41,47,15,42,
1366,855.0,2007-04-04,42,3,24,53,43,31,
1367,854.0,2007-03-31,17,3,24,27,44,25,
1368,853.0,2007-03-28,51,30,59,46,38,56,
1369,852.0,2007-03-24,14,38,6,23,44,34,
1370,851.0,2007-03-21,16,32,35,58,19,3,
1371,850.0,2007-03-17,60,22,59,25,44,7,
1372,849.0,2007-03-14,8,39,9,58,44,49,
1373,848.0,2007-03-10,56,34,17,32,47,27,
1374,847.0,2007-03-07,42,14,44,27,15,48,
1375,846.0,2007-03-03,47,54,2,50,3,44,
1376,845.0,2007-02-28,40,48,19,20,14,52,
1377,844.0,2007-02-24,54,24,44,57,34,16,
1378,843.0,2007-02-17,34,48,1,16,45,36,
1379,842.0,2007-02-14,51,44,60,9,7,30,
1380,841.0,2007-02-10,36,51,32,22,38,7,
1381,840.0,2007-02-07,43,29,35,59,31,17,
1382,839.0,2007-02-03,11,18,8,7,37,43,
1383,838.0,2007-01-31,9,30,47,38,23,44,
1384,837.0,2007-01-27,16,5,24,34,6,60,
1385,836.0,2007-01-24,28,22,38,17,52,59,
1386,835.0,2007-01-20,58,31,57,49,33,18,
1387,834.0,2007-01-17,44,10,17,16,51,34,
1388,833.0,2007-01-13,53,58,57,16,46,13,
1389,832.0,2007-01-10,17,49,15,33,39,23,
1390,831.0,2007-01-06,3,50,48,42,32,33,
1391,830.0,2007-01-03,53,51,2,41,13,49,
1392,829.0,2006-12-31,32,50,14,47,10,56,
1393,828.0,2006-12-23,23,50,53,42,28,38,
1394,827.0,2006-12-21,24,56,30,51,42,18,
1395,826.0,2006-12-19,45,6,8,7,53,27,
1396,825.0,2006-12-16,28,21,40,10,41,47,
1397,824.0,2006-12-13,33,48,6,7,20,9,
1398,823.0,2006-12-09,15,26,59,1,54,51,
1399,822.0,2006-12-06,4,17,41,10,27,52,
1400,821.0,2006-12-02,4,29,38,36,33,42,
1401,820.0,2006-11-29,17,45,32,21,10,46,
1402,819.0,2006-11-25,51,5,58,46,25,19,
1403,818.0,2006-11-22,44,41,22,8,9,25,
1404,817.0,2006-11-18,34,43,29,30,10,52,
1405,816.0,2006-11-16,21,47,40,52,30,20,
1406,815.0,2006-11-11,57,50,9,39,37,19,
1407,814.0,2006-11-08,11,2,46,50,8,41,
1408,813.0,2006-11-04,23,15,56,46,9,45,
1409,812.0,2006-11-01,57,39,54,11,38,13,
1410,811.0,2006-10-28,32,57,28,41,10,47,
1411,810.0,2006-10-25,4,33,1,48,5,37,
1412,809.0,2006-10-21,25,23,11,5,30,15,
1413,808.0,2006-10-18,15,21,31,46,2,57,
1414,807.0,2006-10-14,8,27,2,32,56,49,
1415,806.0,2006-10-12,60,41,47,26,35,18,
1416,805.0,2006-10-07,30,2,48,60,43,36,
1417,804.0,2006-10-04,13,59,37,56,3,47,
1418,803.0,2006-09-30,10,57,28,3,5,21,
1419,802.0,2006-09-27,14,24,60,6,18,48,
1420,801.0,2006-09-23,20,22,11,19,48,42,
1421,800.0,2006-09-20,1,7,56,11,37,38,
1422,799.0,2006-09-16,29,35,19,57,42,55,
1423,798.0,2006-09-13,32,9,4,52,29,3,
1424,797.0,2006-09-09,58,48,52,47,12,6,
1425,796.0,2006-09-06,19,24,43,34,39,5,
1426,795.0,2006-09-02,14,36,21,29,26,48,
1427,794.0,2006-08-30,56,47,55,38,42,3,
1428,793.0,2006-08-26,3,51,33,15,16,57,
1429,792.0,2006-08-23,43,56,9,45,29,34,
1430,791.0,2006-08-19,42,35,19,9,14,58,
1431,790.0,2006-08-16,22,2,19,28,43,6,
1432,789.0,2006-08-12,60,39,31,38,6,50,
1433,788.0,2006-08-09,31,57,17,19,29,44,
1434,787.0,2006-08-05,37,31,20,60,34,54,
1435,786.0,2006-08-02,27,31,26,11,10,41,
1436,785.0,2006-07-29,35,5,37,8,48,17,
1437,784.0,2006-07-26,42,56,8,37,27,53,
1438,783.0,2006-07-22,43,21,48,8,4,32,
1439,782.0,2006-07-19,11,23,59,42,35,2,
1440,781.0,2006-07-15,10,54,8,39,56,13,
1441,780.0,2006-07-12,10,50,28,51,59,7,
1442,779.0,2006-07-08,36,54,52,25,29,26,
1443,778.0,2006-07-05,45,20,36,37,31,51,
1444,777.0,2006-07-01,14,50,23,2,28,56,
1445,776.0,2006-06-28,57,35,60,41,3,15,
1446,775.0,2006-06-24,27,12,46,47,42,50,
1447,774.0,2006-06-21,37,5,54,58,46,10,
1448,773.0,2006-06-17,3,5,51,29,34,14,
1449,772.0,2006-06-14,38,51,52,60,10,35,
1450,771.0,2006-06-10,29,46,34,47,21,14,
1451,770.0,2006-06-07,4,34,25,35,48,12,
1452,769.0,2006-06-03,20,21,50,29,12,16,
1453,768.0,2006-05-31,33,37,59,30,4,8,
1454,767.0,2006-05-27,22,50,32,38,54,15,
1455,766.0,2006-05-24,1,50,19,42,24,58,
1456,765.0,2006-05-21,3,37,50,16,30,10,
1457,764.0,2006-05-18,7,3,55,47,53,45,
1458,763.0,2006-05-13,40,47,1,48,9,26,
1459,762.0,2006-05-10,39,9,21,12,37,54,
1460,761.0,2006-05-06,56,29,17,13,27,40,
1461,760.0,2006-05-03,12,17,60,44,46,45,
1462,759.0,2006-04-29,59,39,30,31,48,45,
1463,758.0,2006-04-26,47,59,1,23,36,43,
1464,757.0,2006-04-22,17,32,12,18,58,30,
1465,756.0,2006-04-19,37,50,41,5,38,27,
1466,755.0,2006-04-15,59,30,47,12,4,49,
1467,754.0,2006-04-12,4,42,34,50,3,13,
1468,753.0,2006-04-08,59,35,43,22,7,2,
1469,752.0,2006-04-05,25,4,29,42,24,23,
1470,751.0,2006-04-01,4,25,38,50,20,7,
1471,750.0,2006-03-29,58,17,54,10,42,33,
1472,749.0,2006-03-25,24,47,4,57,48,50,
1473,748.0,2006-03-22,1,7,19,51,35,2,
1474,747.0,2006-03-18,21,23,56,12,3,2,
1475,746.0,2006-03-15,49,12,10,57,25,1,
1476,745.0,2006-03-11,21,57,37,16,43,2,
1477,744.0,2006-03-08,26,46,12,23,39,4,
1478,743.0,2006-03-04,54,20,32,60,25,23,
1479,742.0,2006-03-01,34,17,7,41,2,50,
1480,741.0,2006-02-25,26,39,27,24,59,36,
1481,740.0,2006-02-22,29,47,12,50,16,28,
1482,739.0,2006-02-18,6,45,56,49,35,10,
1483,738.0,2006-02-15,15,30,14,42,26,54,
1484,737.0,2006-02-11,33,12,24,38,11,32,
1485,736.0,2006-02-08,1,21,38,41,56,49,
1486,735.0,2006-02-04,40,42,15,52,38,9,
1487,734.0,2006-02-01,44,45,27,29,43,54,
1488,733.0,2006-01-28,12,26,31,43,46,2,
1489,732.0,2006-01-25,49,19,53,50,17,6,
1490,731.0,2006-01-21,35,6,15,23,28,16,
1491,730.0,2006-01-18,45,15,2,54,16,50,
1492,729.0,2006-01-14,33,56,18,57,43,5,
1493,728.0,2006-01-11,44,42,13,8,24,32,
1494,727.0,2006-01-07,14,42,12,4,59,30,
1495,726.0,2006-01-04,40,47,1,5,7,37,
1496,725.0,2005-12-31,49,9,3,35,37,41,
1497,724.0,2005-12-21,34,51,55,17,48,27,
1498,723.0,2005-12-17,16,6,52,1,36,50,
1499,722.0,2005-12-14,60,36,57,18,44,9,
1500,721.0,2005-12-10,14,3,23,55,36,25,
1501,720.0,2005-12-07,12,56,44,51,31,54,
1502,719.0,2005-12-03,39,47,37,53,32,3,
1503,718.0,2005-11-30,7,35,21,39,58,33,
1504,717.0,2005-11-26,28,35,41,17,6,23,
1505,716.0,2005-11-23,29,2,7,50,16,32,
1506,715.0,2005-11-19,54,36,12,4,33,24,
1507,714.0,2005-11-16,17,53,39,8,7,35,
1508,713.0,2005-11-12,46,1,26,16,12,54,
1509,712.0,2005-11-09,35,7,53,58,8,43,
1510,711.0,2005-11-05,10,5,41,59,40,33,
1511,710.0,2005-10-29,46,25,5,49,39,34,
1512,709.0,2005-10-26,29,22,44,9,6,4,
1513,708.0,2005-10-22,45,13,39,47,9,7,
1514,707.0,2005-10-19,51,8,1,43,10,36,
1515,706.0,2005-10-15,22,10,17,7,2,60,
1516,705.0,2005-10-08,3,15,11,13,26,43,
1517,704.0,2005-10-05,2,27,50,34,18,4,
1518,703.0,2005-10-01,30,24,2,45,11,27,
1519,702.0,2005-09-28,1,56,18,58,45,57,
1520,701.0,2005-09-24,13,1,31,23,60,48,
1521,700.0,2005-09-21,2,3,24,40,31,14,
1522,699.0,2005-09-19,53,17,50,23,54,48,
1523,698.0,2005-09-14,22,8,27,43,55,12,
1524,697.0,2005-09-10,53,35,32,31,28,51,
1525,696.0,2005-09-03,37,16,34,57,53,9,
1526,695.0,2005-08-31,13,40,21,52,6,11,
1527,694.0,2005-08-27,15,19,29,53,37,41,
1528,693.0,2005-08-24,14,50,41,17,31,13,
1529,692.0,2005-08-20,33,18,60,11,58,57,
1530,691.0,2005-08-17,55,16,58,8,37,50,
1531,690.0,2005-08-13,15,41,8,47,12,53,
1532,689.0,2005-08-10,6,60,7,31,49,51,
1533,688.0,2005-08-06,47,30,52,11,21,35,
1534,687.0,2005-08-03,59,48,1,7,41,14,
1535,686.0,2005-07-30,33,5,4,54,15,26,
1536,685.0,2005-07-27,33,27,5,56,12,43,
1537,684.0,2005-07-23,50,37,33,40,19,17,
1538,683.0,2005-07-20,43,40,12,11,2,35,
1539,682.0,2005-07-16,60,37,47,36,4,27,
1540,681.0,2005-07-13,59,21,53,25,58,38,
1541,680.0,2005-07-09,44,2,26,5,3,22,
1542,679.0,2005-07-06,37,21,54,3,58,25,
1543,678.0,2005-07-02,44,46,31,14,40,42,
1544,677.0,2005-06-29,25,10,48,8,32,55,
1545,676.0,2005-06-25,49,32,15,9,41,42,
1546,675.0,2005-06-22,50,42,30,25,43,24,
1547,674.0,2005-06-18,22,32,18,29,42,38,
1548,673.0,2005-06-15,6,40,37,11,20,34,
1549,672.0,2005-06-11,43,34,53,38,28,24,
1550,671.0,2005-06-08,27,16,39,51,9,38,
1551,670.0,2005-06-04,42,59,58,37,48,22,
1552,669.0,2005-06-01,7,41,24,40,49,27,
1553,668.0,2005-05-28,49,33,56,2,14,1,
1554,667.0,2005-05-25,5,23,16,4,49,1,
1555,666.0,2005-05-21,7,26,16,29,45,55,
1556,665.0,2005-05-18,8,47,7,48,25,18,
1557,664.0,2005-05-14,12,1,55,59,38,36,
1558,663.0,2005-05-11,1,49,30,55,27,51,
1559,662.0,2005-05-07,4,60,56,25,18,23,
1560,661.0,2005-05-04,42,40,27,4,55,36,
1561,660.0,2005-04-30,53,5,38,54,46,11,
1562,659.0,2005-04-27,14,29,40,34,51,52,
1563,658.0,2005-04-23,41,20,36,3,11,6,
1564,657.0,2005-04-20,20,59,58,33,60,16,
1565,656.0,2005-04-16,59,37,46,36,35,51,
1566,655.0,2005-04-13,26,39,1,37,43,48,
1567,654.0,2005-04-09,10,11,56,40,41,6,
1568,653.0,2005-04-06,31,24,19,34,9,5,
1569,652.0,2005-04-02,24,18,57,56,10,20,
1570,651.0,2005-03-30,39,45,28,26,48,60,
1571,650.0,2005-03-26,53,59,25,29,10,24,
1572,649.0,2005-03-23,9,54,41,48,33,24,
1573,648.0,2005-03-19,5,48,23,42,45,29,
1574,647.0,2005-03-16,56,19,11,14,12,54,
1575,646.0,2005-03-12,13,47,60,32,49,10,
1576,645.0,2005-03-09,52,48,24,53,54,3,
1577,644.0,2005-03-05,57,29,31,27,34,14,
1578,643.0,2005-03-02,14,45,24,37,40,42,
1579,642.0,2005-02-26,51,17,56,36,44,40,
1580,641.0,2005-02-23,17,13,33,9,1,34,
1581,640.0,2005-02-19,12,42,59,46,19,60,
1582,639.0,2005-02-16,51,39,35,60,45,13,
1583,638.0,2005-02-12,42,10,50,41,11,36,
1584,637.0,2005-02-05,52,58,43,48,11,18,
1585,636.0,2005-02-02,30,32,34,50,28,26,
1586,635.0,2005-01-29,49,42,37,8,20,26,
1587,634.0,2005-01-26,13,41,24,42,10,56,
1588,633.0,2005-01-22,27,46,5,50,11,22,
1589,632.0,2005-01-19,2,54,48,51,19,28,
1590,631.0,2005-01-15,1,28,47,20,44,32,
1591,630.0,2005-01-12,16,53,20,60,12,45,
1592,629.0,2005-01-08,40,47,39,16,51,15,
1593,628.0,2005-01-05,8,16,22,56,58,30,
1594,627.0,2004-12-29,19,13,45,58,56,1,
1595,626.0,2004-12-22,49,8,22,18,7,39,
1596,625.0,2004-12-18,59,12,32,42,24,40,
1597,624.0,2004-12-15,39,23,34,52,8,43,
1598,623.0,2004-12-11,42,23,55,30,9,49,
1599,622.0,2004-12-08,59,27,19,29,50,38,
1600,621.0,2004-12-04,29,31,50,26,57,49,
1601,620.0,2004-12-01,22,1,29,13,32,3,
1602,619.0,2004-11-27,16,12,46,14,8,19,
1603,618.0,2004-11-24,60,10,3,8,24,13,
1604,617.0,2004-11-20,25,5,49,36,33,3,
1605,616.0,2004-11-17,24,16,26,54,12,2,
1606,615.0,2004-11-13,27,31,8,10,51,5,
1607,614.0,2004-11-10,60,31,12,48,57,16,
1608,613.0,2004-11-06,54,55,13,44,6,19,
1609,612.0,2004-11-03,55,33,15,50,53,18,
1610,611.0,2004-10-30,22,21,33,16,48,49,
1611,610.0,2004-10-27,25,49,30,43,47,45,
1612,609.0,2004-10-23,15,2,59,60,6,58,
1613,608.0,2004-10-20,30,6,37,19,24,13,
1614,607.0,2004-10-16,6,59,11,27,19,41,
1615,606.0,2004-10-13,41,6,23,55,32,35,
1616,605.0,2004-10-09,44,52,53,4,49,24,
1617,604.0,2004-10-06,41,49,51,25,15,46,
1618,603.0,2004-10-02,4,8,11,29,12,44,
1619,602.0,2004-09-29,38,60,13,7,55,46,
1620,601.0,2004-09-25,37,19,29,30,10,22,
1621,600.0,2004-09-22,18,39,54,34,31,16,
1622,599.0,2004-09-18,6,45,51,9,23,4,
1623,598.0,2004-09-15,5,16,53,38,50,34,
1624,597.0,2004-09-11,42,40,27,22,56,29,
1625,596.0,2004-09-08,43,60,28,11,54,14,
1626,595.0,2004-09-04,54,2,43,1,50,25,
1627,594.0,2004-09-01,10,53,55,29,13,47,
1628,593.0,2004-08-28,27,29,1,59,25,49,
1629,592.0,2004-08-25,55,14,59,47,13,42,
1630,591.0,2004-08-21,58,3,18,50,34,1,
1631,590.0,2004-08-18,25,51,5,18,4,28,
1632,589.0,2004-08-14,13,7,33,59,6,8,
1633,588.0,2004-08-11,45,13,46,55,53,11,
1634,587.0,2004-08-07,30,2,36,18,60,29,
1635,586.0,2004-08-04,45,38,13,11,54,39,
1636,585.0,2004-07-31,24,39,12,33,57,36,
1637,584.0,2004-07-28,30,53,23,7,32,8,
1638,583.0,2004-07-24,55,6,41,20,43,7,
1639,582.0,2004-07-21,13,40,29,59,45,51,
1640,581.0,2004-07-17,30,25,52,14,39,17,
1641,580.0,2004-07-14,38,16,18,28,15,47,
1642,579.0,2004-07-10,15,34,39,17,4,9,
1643,578.0,2004-07-07,48,3,58,18,56,23,
1644,577.0,2004-07-03,31,47,28,23,8,24,
1645,576.0,2004-06-30,18,43,52,39,7,8,
1646,575.0,2004-06-26,18,29,21,48,35,5,
1647,574.0,2004-06-23,32,23,2,10,44,17,
1648,573.0,2004-06-19,59,29,17,6,40,22,
1649,572.0,2004-06-16,33,3,20,60,9,16,
1650,571.0,2004-06-12,14,31,12,13,51,50,
1651,570.0,2004-06-09,35,32,36,33,51,15,
1652,569.0,2004-06-05,32,15,14,9,3,57,
1653,568.0,2004-06-02,25,41,17,29,13,22,
1654,567.0,2004-05-29,57,58,11,38,41,31,
1655,566.0,2004-05-26,17,6,20,18,13,37,
1656,565.0,2004-05-22,31,37,35,7,45,34,
1657,564.0,2004-05-19,38,13,32,20,10,49,
1658,563.0,2004-05-15,34,8,23,44,51,5,
1659,562.0,2004-05-12,37,35,23,16,57,55,
1660,561.0,2004-05-08,39,49,36,20,55,1,
1661,560.0,2004-05-05,32,18,11,30,2,58,
1662,559.0,2004-05-01,53,25,36,13,17,6,
1663,558.0,2004-04-28,59,57,7,58,31,14,
1664,557.0,2004-04-24,18,49,38,23,8,12,
1665,556.0,2004-04-21,8,45,30,33,17,10,
1666,555.0,2004-04-17,49,5,23,33,45,31,
1667,554.0,2004-04-14,47,29,31,15,60,42,
1668,553.0,2004-04-10,43,46,58,53,54,4,
1669,552.0,2004-04-07,22,54,52,47,49,9,
1670,551.0,2004-04-03,56,48,57,21,12,46,
1671,550.0,2004-03-31,17,56,16,38,39,45,
1672,549.0,2004-03-27,13,51,58,22,46,8,
1673,548.0,2004-03-24,51,49,14,47,59,58,
1674,547.0,2004-03-20,4,59,13,53,28,30,
1675,546.0,2004-03-17,46,4,54,17,13,5,
1676,545.0,2004-03-13,43,35,57,29,40,17,
1677,544.0,2004-03-10,11,33,56,47,17,34,
1678,543.0,2004-03-06,35,54,37,42,49,46,
1679,542.0,2004-03-03,49,4,19,28,35,6,
1680,541.0,2004-02-28,58,57,27,13,49,52,
1681,540.0,2004-02-21,22,4,30,44,28,49,
1682,539.0,2004-02-18,16,50,55,6,47,19,
1683,538.0,2004-02-14,45,43,56,25,52,3,
1684,537.0,2004-02-11,37,3,19,34,39,7,
1685,536.0,2004-02-07,14,22,25,15,37,23,
1686,535.0,2004-02-04,49,14,47,56,6,28,
1687,534.0,2004-01-31,48,57,23,8,31,3,
1688,533.0,2004-01-28,27,18,13,59,21,53,
1689,532.0,2004-01-24,13,4,12,53,9,52,
1690,531.0,2004-01-21,3,1,35,7,18,50,
1691,530.0,2004-01-17,32,21,25,1,6,49,
1692,529.0,2004-01-14,56,45,13,33,38,1,
1693,528.0,2004-01-10,34,28,37,12,8,31,
1694,527.0,2004-01-07,17,14,50,52,6,26,
1695,526.0,2004-01-03,3,59,21,36,55,31,
1696,525.0,2003-12-27,26,32,24,49,8,10,
1697,524.0,2003-12-20,47,29,34,48,19,41,
1698,523.0,2003-12-17,45,58,40,39,28,44,
1699,522.0,2003-12-13,49,52,15,25,14,6,
1700,521.0,2003-12-10,28,32,38,25,15,45,
1701,520.0,2003-12-06,32,34,17,35,9,12,
1702,519.0,2003-12-03,9,36,15,19,42,22,
1703,518.0,2003-11-29,44,8,5,15,18,10,
1704,517.0,2003-11-26,51,32,8,28,38,7,
1705,516.0,2003-11-22,24,5,34,13,35,33,
1706,515.0,2003-11-19,39,16,57,15,45,48,
1707,514.0,2003-11-15,15,52,40,36,51,42,
1708,513.0,2003-11-12,46,10,27,19,33,39,
1709,512.0,2003-11-08,8,40,58,4,53,31,
1710,511.0,2003-11-05,8,36,34,37,3,4,
1711,510.0,2003-11-01,30,45,58,1,4,41,
1712,509.0,2003-10-29,32,55,34,35,28,33,
1713,508.0,2003-10-25,46,56,5,15,45,10,
1714,507.0,2003-10-22,44,58,5,27,33,3,
1715,506.0,2003-10-18,31,37,34,15,38,4,
1716,505.0,2003-10-15,47,20,52,3,46,28,
1717,504.0,2003-10-11,39,19,11,8,50,30,
1718,503.0,2003-10-08,10,21,48,27,49,7,
1719,502.0,2003-10-04,50,7,33,21,24,13,
1720,501.0,2003-10-01,34,27,56,28,16,39,
1721,500.0,2003-09-27,35,21,54,29,38,36,
1722,499.0,2003-09-20,59,1,11,5,44,4,
1723,498.0,2003-09-17,49,28,2,6,57,50,
1724,497.0,2003-09-13,9,41,32,13,58,20,
1725,496.0,2003-09-10,41,20,19,29,59,10,
1726,495.0,2003-09-06,36,15,60,8,29,49,
1727,494.0,2003-09-03,28,32,49,53,18,20,
1728,493.0,2003-08-30,54,20,3,18,42,24,
1729,492.0,2003-08-27,57,2,15,6,56,18,
1730,491.0,2003-08-23,22,43,15,55,9,1,
1731,490.0,2003-08-20,5,11,29,54,23,58,
1732,489.0,2003-08-16,28,36,17,53,33,59,
1733,488.0,2003-08-13,30,39,35,43,15,57,
1734,487.0,2003-08-09,25,22,48,52,54,8,
1735,486.0,2003-08-06,50,42,19,8,30,14,
1736,485.0,2003-08-02,38,28,52,30,19,57,
1737,484.0,2003-07-30,53,19,38,18,17,49,
1738,483.0,2003-07-26,16,23,35,18,44,59,
1739,482.0,2003-07-23,13,56,12,33,53,54,
1740,481.0,2003-07-19,42,6,24,44,22,13,
1741,480.0,2003-07-16,36,38,33,14,49,41,
1742,479.0,2003-07-12,20,54,58,26,41,46,
1743,478.0,2003-07-09,30,8,31,3,21,25,
1744,477.0,2003-07-05,47,34,8,6,18,38,
1745,476.0,2003-07-02,38,43,20,55,17,58,
1746,475.0,2003-06-28,19,6,43,52,8,22,
1747,474.0,2003-06-25,34,3,12,50,32,40,
1748,473.0,2003-06-21,51,7,58,49,23,41,
1749,472.0,2003-06-18,12,3,38,29,51,4,
1750,471.0,2003-06-14,51,59,31,5,36,32,
1751,470.0,2003-06-11,51,58,23,11,8,37,
1752,469.0,2003-06-07,29,47,42,21,13,26,
1753,468.0,2003-06-04,23,6,25,39,51,5,
1754,467.0,2003-05-31,38,21,8,22,18,60,
1755,466.0,2003-05-28,28,16,45,29,30,11,
1756,465.0,2003-05-24,46,31,1,57,22,51,
1757,464.0,2003-05-21,6,33,45,38,24,50,
1758,463.0,2003-05-17,7,18,2,45,3,53,
1759,462.0,2003-05-14,27,48,17,19,26,22,
1760,461.0,2003-05-10,30,17,20,29,15,60,
1761,460.0,2003-05-07,19,55,30,23,37,49,
1762,459.0,2003-05-03,43,17,8,15,49,39,
1763,458.0,2003-04-30,43,53,13,32,34,24,
1764,457.0,2003-04-26,48,15,24,27,17,32,
1765,456.0,2003-04-23,17,40,22,27,33,3,
1766,455.0,2003-04-19,50,15,17,2,14,59,
1767,454.0,2003-04-16,4,17,42,56,46,24,
1768,453.0,2003-04-12,58,52,8,34,20,23,
1769,452.0,2003-04-09,54,11,51,16,36,30,
1770,451.0,2003-04-05,23,18,31,17,53,28,
1771,450.0,2003-04-02,59,51,13,1,9,50,
1772,449.0,2003-03-29,34,56,24,1,49,8,
1773,448.0,2003-03-26,5,3,52,45,9,51,
1774,447.0,2003-03-22,24,55,15,33,25,42,
1775,446.0,2003-03-19,11,20,8,47,12,17,
1776,445.0,2003-03-15,31,50,7,53,32,20,
1777,444.0,2003-03-12,48,52,57,24,3,33,
1778,443.0,2003-03-08,11,36,17,26,52,48,
1779,442.0,2003-03-01,15,31,23,6,59,37,
1780,441.0,2003-02-26,2,15,58,10,59,21,
1781,440.0,2003-02-22,46,23,30,47,5,3,
1782,439.0,2003-02-19,42,13,20,29,43,57,
1783,438.0,2003-02-15,38,48,14,3,11,5,
1784,437.0,2003-02-12,54,10,59,44,30,7,
1785,436.0,2003-02-08,1,6,57,29,48,7,
1786,435.0,2003-02-05,37,11,17,31,43,10,
1787,434.0,2003-02-01,24,17,4,54,30,10,
1788,433.0,2003-01-29,36,17,28,16,54,30,
1789,432.0,2003-01-25,50,17,13,27,4,39,
1790,431.0,2003-01-22,58,26,40,37,47,52,
1791,430.0,2003-01-18,50,21,10,25,38,8,
1792,429.0,2003-01-15,55,32,17,36,26,43,
1793,428.0,2003-01-11,60,8,32,28,46,30,
1794,427.0,2003-01-08,51,13,43,24,3,14,
1795,426.0,2003-01-04,7,32,54,50,30,37,
1796,425.0,2002-12-28,6,16,10,34,47,42,
1797,424.0,2002-12-21,29,36,27,18,59,46,
1798,423.0,2002-12-18,8,22,33,40,32,53,
1799,422.0,2002-12-14,60,12,56,37,55,43,
1800,421.0,2002-12-11,38,45,35,37,5,51,
1801,420.0,2002-12-07,43,12,59,30,57,29,
1802,419.0,2002-12-04,41,42,52,53,16,9,
1803,418.0,2002-11-30,45,8,32,49,15,52,
1804,417.0,2002-11-27,25,7,12,21,42,34,
1805,416.0,2002-11-23,13,1,23,56,54,33,
1806,415.0,2002-11-20,38,44,4,1,27,42,
1807,414.0,2002-11-16,35,26,58,52,45,16,
1808,413.0,2002-11-13,35,53,29,33,2,4,
1809,412.0,2002-11-09,45,5,14,21,59,12,
1810,411.0,2002-11-06,10,56,12,31,45,38,
1811,410.0,2002-11-02,31,55,36,24,8,38,
1812,409.0,2002-10-30,26,49,25,18,31,34,
1813,408.0,2002-10-26,49,44,33,28,56,14,
1814,407.0,2002-10-23,49,2,18,51,22,57,
1815,406.0,2002-10-19,47,32,48,12,38,2,
1816,405.0,2002-10-16,57,60,34,24,29,47,
1817,404.0,2002-10-12,24,38,58,1,40,28,
1818,403.0,2002-10-09,46,31,7,16,60,27,
1819,402.0,2002-10-05,27,43,58,5,16,56,
1820,401.0,2002-10-02,50,18,44,53,11,43,
1821,400.0,2002-09-28,29,59,13,10,54,28,
1822,399.0,2002-09-25,59,55,16,27,47,11,
1823,398.0,2002-09-21,28,7,16,37,36,22,
1824,397.0,2002-09-18,32,24,2,5,1,46,
1825,396.0,2002-09-14,47,18,6,45,34,42,
1826,395.0,2002-09-11,11,58,31,14,10,20,
1827,394.0,2002-09-07,15,49,42,5,45,35,
1828,393.0,2002-09-04,12,50,36,6,35,40,
1829,392.0,2002-08-31,49,47,39,31,15,23,
1830,391.0,2002-08-28,7,15,35,16,40,4,
1831,390.0,2002-08-24,7,22,34,12,38,53,
1832,389.0,2002-08-21,46,14,54,18,43,5,
1833,388.0,2002-08-17,52,48,53,58,23,36,
1834,387.0,2002-08-14,29,28,48,47,43,22,
1835,386.0,2002-08-10,39,54,43,36,17,35,
1836,385.0,2002-08-07,22,12,24,18,5,16,
1837,384.0,2002-08-03,28,50,47,24,40,52,
1838,383.0,2002-07-31,48,22,53,56,50,14,
1839,382.0,2002-07-27,54,38,53,31,37,34,
1840,381.0,2002-07-24,9,56,46,28,10,55,
1841,380.0,2002-07-20,47,22,13,30,31,57,
1842,379.0,2002-07-17,41,55,24,59,33,40,
1843,378.0,2002-07-13,55,45,48,41,5,38,
1844,377.0,2002-07-10,46,19,3,45,12,27,
1845,376.0,2002-07-06,25,13,10,43,35,48,
1846,375.0,2002-07-03,51,9,42,5,58,1,
1847,374.0,2002-06-29,54,2,26,5,44,16,
1848,373.0,2002-06-26,31,33,24,10,5,1,
1849,372.0,2002-06-22,24,17,46,57,16,39,
1850,371.0,2002-06-19,23,33,39,4,60,18,
1851,370.0,2002-06-15,51,42,4,54,1,40,
1852,369.0,2002-06-12,21,42,1,60,35,14,
1853,368.0,2002-06-08,13,50,38,32,44,29,
1854,367.0,2002-06-05,52,49,27,33,12,10,
1855,366.0,2002-06-01,6,4,51,7,21,15,
1856,365.0,2002-05-29,52,19,34,37,58,23,
1857,364.0,2002-05-25,59,44,29,5,51,57,
1858,363.0,2002-05-22,39,54,29,49,47,19,
1859,362.0,2002-05-18,37,20,33,46,7,56,
1860,361.0,2002-05-15,41,28,45,31,16,59,
1861,360.0,2002-05-11,47,24,29,55,53,23,
1862,359.0,2002-05-08,31,54,20,29,13,19,
1863,358.0,2002-05-04,40,42,32,12,21,17,
1864,357.0,2002-04-27,45,53,32,2,30,35,
1865,356.0,2002-04-24,54,19,5,58,56,21,
1866,355.0,2002-04-20,2,37,22,60,14,23,
1867,354.0,2002-04-17,40,52,38,16,7,41,
1868,353.0,2002-04-13,60,46,30,55,23,19,
1869,352.0,2002-04-10,49,7,47,25,20,44,
1870,351.0,2002-04-06,15,16,59,60,24,41,
1871,350.0,2002-04-03,23,30,43,10,15,57,
1872,349.0,2002-03-30,9,38,32,8,54,28,
1873,348.0,2002-03-27,39,40,33,52,19,30,
1874,347.0,2002-03-23,26,10,52,1,12,48,
1875,346.0,2002-03-20,56,7,46,60,41,12,
1876,345.0,2002-03-16,56,11,58,46,51,22,
1877,344.0,2002-03-13,33,36,12,35,10,14,
1878,343.0,2002-03-09,4,6,7,24,12,41,
1879,342.0,2002-03-06,29,49,54,51,16,34,
1880,341.0,2002-03-02,56,23,22,43,16,5,
1881,340.0,2002-02-27,10,60,42,9,33,12,
1882,339.0,2002-02-23,13,16,12,5,27,50,
1883,338.0,2002-02-20,48,46,9,1,36,4,
1884,337.0,2002-02-16,31,52,14,54,16,4,
1885,336.0,2002-02-09,2,18,54,22,30,26,
1886,335.0,2002-02-06,43,33,57,23,59,7,
1887,334.0,2002-02-02,41,26,51,14,24,23,
1888,333.0,2002-01-30,35,27,53,44,52,4,
1889,332.0,2002-01-26,28,23,42,29,44,34,
1890,331.0,2002-01-23,27,1,35,20,37,13,
1891,330.0,2002-01-19,2,4,23,37,14,51,
1892,329.0,2002-01-16,24,11,40,12,35,10,
1893,328.0,2002-01-12,51,5,23,7,14,21,
1894,327.0,2002-01-09,46,38,29,33,32,48,
1895,326.0,2002-01-05,52,23,40,51,44,21,
1896,325.0,2001-12-29,4,23,3,1,21,53,
1897,324.0,2001-12-22,22,8,30,15,47,25,
1898,323.0,2001-12-19,31,49,54,33,26,40,
1899,322.0,2001-12-15,18,11,29,44,47,56,
1900,321.0,2001-12-12,11,31,32,48,49,4,
1901,320.0,2001-12-08,20,53,47,50,22,27,
1902,319.0,2001-12-05,12,16,23,17,19,48,
1903,318.0,2001-12-01,19,53,40,3,31,20,
1904,317.0,2001-11-28,27,20,48,16,30,35,
1905,316.0,2001-11-24,28,51,56,6,24,43,
1906,315.0,2001-11-21,50,21,43,12,28,22,
1907,314.0,2001-11-17,5,32,40,58,37,34,
1908,313.0,2001-11-14,14,38,53,24,16,37,
1909,312.0,2001-11-10,14,30,50,41,47,23,
1910,311.0,2001-11-07,32,22,24,41,30,38,
1911,310.0,2001-11-03,28,14,29,2,31,32,
1912,309.0,2001-10-31,39,50,25,55,11,4,
1913,308.0,2001-10-27,55,25,4,11,29,39,
1914,307.0,2001-10-24,26,17,13,41,16,44,
1915,306.0,2001-10-20,30,19,57,41,56,47,
1916,305.0,2001-10-17,11,5,27,60,38,53,
1917,304.0,2001-10-13,42,7,11,34,59,41,
1918,303.0,2001-10-10,7,13,30,37,47,17,
1919,302.0,2001-10-06,25,40,12,60,30,41,
1920,301.0,2001-10-03,58,26,49,57,48,9,
1921,300.0,2001-09-29,27,57,41,38,28,24,
1922,299.0,2001-09-26,7,5,2,53,33,49,
1923,298.0,2001-09-22,22,34,24,23,5,60,
1924,297.0,2001-09-19,20,28,41,1,33,36,
1925,296.0,2001-09-15,20,51,42,3,52,46,
1926,295.0,2001-09-12,24,44,7,31,12,50,
1927,294.0,2001-09-08,28,45,41,22,57,25,
1928,293.0,2001-09-05,6,12,35,5,28,7,
1929,292.0,2001-09-01,24,34,53,45,23,13,
1930,291.0,2001-08-29,22,16,5,41,18,17,
1931,290.0,2001-08-25,57,30,7,25,40,26,
1932,289.0,2001-08-22,36,6,30,20,7,25,
1933,288.0,2001-08-18,50,9,18,11,6,17,
1934,287.0,2001-08-15,60,47,3,33,25,13,
1935,286.0,2001-08-11,44,37,56,29,47,35,
1936,285.0,2001-08-08,50,56,41,12,32,37,
1937,284.0,2001-08-04,8,36,14,32,30,7,
1938,283.0,2001-08-01,48,34,28,54,25,42,
1939,282.0,2001-07-28,33,24,36,9,14,23,
1940,281.0,2001-07-21,11,5,47,31,53,38,
1941,280.0,2001-07-14,5,16,30,25,58,20,
1942,279.0,2001-07-07,31,59,4,58,23,47,
1943,278.0,2001-06-30,22,10,18,55,15,31,
1944,277.0,2001-06-23,40,26,38,4,56,52,
1945,276.0,2001-06-16,53,59,39,45,22,57,
1946,275.0,2001-06-09,16,30,19,38,48,37,
1947,274.0,2001-06-02,11,39,47,18,13,26,
1948,273.0,2001-05-26,47,52,10,27,23,17,
1949,272.0,2001-05-19,36,58,9,10,56,24,
1950,271.0,2001-05-12,14,31,54,29,26,24,
1951,270.0,2001-05-05,45,27,35,40,5,9,
1952,269.0,2001-04-28,19,18,52,25,17,49,
1953,268.0,2001-04-21,21,10,47,6,5,33,
1954,267.0,2001-04-14,58,1,45,55,8,46,
1955,266.0,2001-04-07,38,54,48,23,2,46,
1956,265.0,2001-03-31,7,50,53,16,41,34,
1957,264.0,2001-03-24,5,25,31,13,1,33,
1958,263.0,2001-03-17,8,50,26,9,53,43,
1959,262.0,2001-03-10,53,60,48,20,58,11,
1960,261.0,2001-03-03,5,54,20,56,30,16,
1961,260.0,2001-02-24,43,4,60,59,6,33,
1962,259.0,2001-02-17,20,43,33,13,15,58,
1963,258.0,2001-02-10,12,60,54,7,55,50,
1964,257.0,2001-02-03,28,5,1,34,4,19,
1965,256.0,2001-01-27,21,52,34,26,2,32,
1966,255.0,2001-01-20,32,44,55,19,20,16,
1967,254.0,2001-01-13,4,30,56,21,22,1,
1968,253.0,2001-01-06,12,11,56,44,24,37,
1969,252.0,2000-12-30,17,54,4,51,32,26,
1970,251.0,2000-12-23,34,15,23,55,49,30,
1971,250.0,2000-12-16,55,25,41,42,43,7,
1972,249.0,2000-12-09,21,55,54,40,36,49,
1973,248.0,2000-12-02,56,16,34,41,35,32,
1974,247.0,2000-11-25,34,3,30,10,23,46,
1975,246.0,2000-11-18,2,57,32,43,16,37,
1976,245.0,2000-11-11,44,51,27,53,8,60,
1977,244.0,2000-11-04,19,60,50,24,47,33,
1978,243.0,2000-10-28,20,47,23,32,16,11,
1979,242.0,2000-10-21,22,7,4,21,28,56,
1980,241.0,2000-10-14,11,57,40,35,56,31,
1981,240.0,2000-10-07,59,28,25,41,57,38,
1982,239.0,2000-09-30,33,21,44,46,47,6,
1983,238.0,2000-09-23,15,9,41,13,37,42,
1984,237.0,2000-09-16,36,7,45,31,56,57,
1985,236.0,2000-09-09,10,52,50,57,25,60,
1986,235.0,2000-09-02,29,41,55,2,31,22,
1987,234.0,2000-08-26,15,45,54,25,42,41,
1988,233.0,2000-08-19,45,3,24,36,7,32,
1989,232.0,2000-08-12,29,19,41,22,37,59,
1990,231.0,2000-08-05,16,59,27,42,44,36,
1991,230.0,2000-07-29,56,44,41,40,8,53,
1992,229.0,2000-07-22,39,45,11,21,33,13,
1993,228.0,2000-07-15,16,40,45,59,43,13,
1994,227.0,2000-07-08,37,26,27,42,11,48,
1995,226.0,2000-07-01,2,50,59,38,49,1,
1996,225.0,2000-06-24,21,16,4,37,2,58,
1997,224.0,2000-06-17,20,16,18,7,44,21,
1998,223.0,2000-06-10,28,24,22,2,58,6,
1999,222.0,2000-06-03,5,48,30,55,52,19,
2000,221.0,2000-05-27,54,13,58,43,50,27,
2001,220.0,2000-05-20,36,53,55,13,60,14,
2002,219.0,2000-05-13,26,23,49,28,42,36,
2003,218.0,2000-05-06,54,40,42,17,47,12,
2004,217.0,2000-04-29,27,32,3,51,49,45,
2005,216.0,2000-04-22,35,42,59,18,30,14,
2006,215.0,2000-04-15,7,58,28,53,37,46,
2007,214.0,2000-04-08,30,12,6,50,35,31,
2008,213.0,2000-04-01,3,30,9,35,23,32,
2009,212.0,2000-03-25,29,57,15,45,59,6,
2010,211.0,2000-03-18,10,20,40,45,50,33,
2011,210.0,2000-03-11,37,58,20,38,48,32,
2012,209.0,2000-03-04,13,52,32,41,21,26,
2013,208.0,2000-02-26,23,15,57,24,47,25,
2014,207.0,2000-02-19,19,7,3,55,24,53,
2015,206.0,2000-02-12,20,26,56,18,34,51,
2016,205.0,2000-02-05,26,32,54,43,46,40,
2017,204.0,2000-01-29,31,41,51,39,58,29,
2018,203.0,2000-01-22,11,55,44,19,29,47,
2019,202.0,2000-01-15,49,53,44,12,24,45,
2020,201.0,2000-01-08,55,22,5,30,35,20,
2021,200.0,1999-12-31,12,15,44,34,51,19,
2022,199.0,1999-12-24,52,37,57,16,10,50,
2023,198.0,1999-12-18,40,23,1,18,35,8,
2024,197.0,1999-12-11,19,52,29,15,12,5,
2025,196.0,1999-12-04,32,17,9,14,24,7,
2026,195.0,1999-11-27,17,3,44,37,9,32,
2027,194.0,1999-11-20,32,42,43,25,28,33,
2028,193.0,1999-11-13,12,4,11,49,43,19,
2029,192.0,1999-11-06,1,60,26,41,28,54,
2030,191.0,1999-10-31,58,5,41,3,1,23,
2031,190.0,1999-10-24,32,40,42,21,10,5,
2032,189.0,1999-10-16,41,53,38,4,31,15,
2033,188.0,1999-10-10,34,42,43,46,27,17,
2034,187.0,1999-10-02,6,44,58,41,36,48,
2035,186.0,1999-09-25,24,26,51,25,14,23,
2036,185.0,1999-09-18,59,17,22,46,43,55,
2037,184.0,1999-09-11,9,60,21,16,41,34,
2038,183.0,1999-09-04,16,11,7,40,44,2,
2039,182.0,1999-08-28,46,60,5,10,28,3,
2040,181.0,1999-08-21,33,1,55,35,51,27,
2041,180.0,1999-08-14,39,6,29,60,51,23,
2042,179.0,1999-08-07,6,53,5,26,27,23,
2043,178.0,1999-07-31,5,27,19,26,15,33,
2044,177.0,1999-07-24,35,22,39,41,59,38,
2045,176.0,1999-07-17,28,4,1,45,53,3,
2046,175.0,1999-07-10,10,20,13,1,42,50,
2047,174.0,1999-07-03,11,52,22,23,36,59,
2048,173.0,1999-06-26,29,28,49,17,42,50,
2049,172.0,1999-06-19,49,36,14,26,35,10,
2050,171.0,1999-06-12,54,27,4,43,40,46,
2051,170.0,1999-06-05,7,51,55,41,58,46,
2052,169.0,1999-05-29,52,51,37,13,21,1,
2053,168.0,1999-05-22,45,2,35,9,50,31,
2054,167.0,1999-05-15,1,38,48,28,11,33,
2055,166.0,1999-05-08,60,57,59,13,12,22,
2056,165.0,1999-05-01,39,56,19,23,10,35,
2057,164.0,1999-04-24,4,19,14,10,44,28,
2058,163.0,1999-04-17,41,56,27,36,53,8,
2059,162.0,1999-04-10,23,33,51,38,48,21,
2060,161.0,1999-04-03,25,37,30,39,6,41,
2061,160.0,1999-03-27,13,42,52,58,2,54,
2062,159.0,1999-03-20,16,9,50,58,11,35,
2063,158.0,1999-03-13,58,43,51,14,17,4,
2064,157.0,1999-03-06,17,13,4,44,41,21,
2065,156.0,1999-02-27,52,23,42,17,55,49,
2066,155.0,1999-02-20,12,32,44,43,35,30,
2067,154.0,1999-02-13,8,10,24,33,45,48,
2068,153.0,1999-02-06,47,2,31,42,45,30,
2069,152.0,1999-01-30,12,5,15,51,58,29,
2070,151.0,1999-01-23,3,43,16,56,52,20,
2071,150.0,1999-01-16,50,44,12,55,52,54,
2072,149.0,1999-01-09,11,45,48,7,28,20,
2073,148.0,1998-12-31,32,55,59,41,58,35,
2074,147.0,1998-12-24,24,6,38,23,28,16,
2075,146.0,1998-12-19,51,34,25,60,42,32,
2076,145.0,1998-12-12,43,15,41,51,16,31,
2077,144.0,1998-12-05,8,32,44,36,45,55,
2078,143.0,1998-11-28,40,18,6,20,50,53,
2079,142.0,1998-11-21,20,59,19,54,15,8,
2080,141.0,1998-11-14,10,22,42,13,41,58,
2081,140.0,1998-11-07,55,31,46,44,41,7,
2082,139.0,1998-10-31,26,27,13,42,41,3,
2083,138.0,1998-10-24,41,14,37,5,40,27,
2084,137.0,1998-10-17,26,15,16,22,19,49,
2085,136.0,1998-10-10,17,25,45,38,1,59,
2086,135.0,1998-10-03,35,40,21,59,53,22,
2087,134.0,1998-09-26,60,32,25,36,52,4,
2088,133.0,1998-09-19,19,57,6,39,34,5,
2089,132.0,1998-09-12,44,35,50,41,9,7,
2090,131.0,1998-09-05,30,9,17,27,4,44,
2091,130.0,1998-08-29,13,42,38,49,53,29,
2092,129.0,1998-08-22,46,54,10,9,1,32,
2093,128.0,1998-08-15,23,43,3,21,9,18,
2094,127.0,1998-08-08,59,21,51,54,29,50,
2095,126.0,1998-08-01,32,28,6,10,11,40,
2096,125.0,1998-07-25,56,47,25,59,53,41,
2097,124.0,1998-07-18,52,5,34,57,15,41,
2098,123.0,1998-07-11,13,42,16,32,14,26,
2099,122.0,1998-07-04,20,43,39,11,53,17,
2100,121.0,1998-06-27,53,41,44,2,29,55,
2101,120.0,1998-06-20,46,45,16,40,27,3,
2102,119.0,1998-06-13,47,21,1,50,36,38,
2103,118.0,1998-06-06,22,57,37,9,25,56,
2104,117.0,1998-05-30,53,42,27,20,33,25,
2105,116.0,1998-05-23,36,42,32,5,13,51,
2106,115.0,1998-05-16,6,14,24,20,4,38,
2107,114.0,1998-05-09,47,54,18,6,12,37,
2108,113.0,1998-05-02,34,54,26,28,55,7,
2109,112.0,1998-04-25,37,43,34,20,12,42,
2110,111.0,1998-04-18,52,32,4,33,25,22,
2111,110.0,1998-04-11,57,58,18,31,43,52,
2112,109.0,1998-04-04,54,13,44,49,48,1,
2113,108.0,1998-03-29,60,29,34,24,21,59,
2114,107.0,1998-03-22,2,24,52,4,16,51,
2115,106.0,1998-03-15,24,16,38,5,39,35,
2116,105.0,1998-03-08,3,13,31,43,46,49,
2117,104.0,1998-03-01,13,1,38,21,52,4,
2118,103.0,1998-02-22,9,1,57,7,54,49,
2119,102.0,1998-02-15,44,42,37,56,19,20,
2120,101.0,1998-02-08,39,1,37,31,29,18,
2121,100.0,1998-02-01,46,48,30,14,29,51,
2122,99.0,1998-01-25,30,33,24,11,46,60,
2123,98.0,1998-01-18,43,33,14,31,35,13,
2124,97.0,1998-01-11,56,53,11,14,5,35,
2125,96.0,1998-01-04,4,42,58,26,7,40,
2126,95.0,1997-12-28,46,60,6,40,50,45,
2127,94.0,1997-12-21,28,51,55,18,52,8,
2128,93.0,1997-12-14,22,53,31,28,2,36,
2129,92.0,1997-12-07,5,23,51,3,1,24,
2130,91.0,1997-11-30,60,4,10,35,39,2,
2131,90.0,1997-11-23,21,26,40,54,9,52,
2132,89.0,1997-11-16,59,42,34,13,44,55,
2133,88.0,1997-11-09,45,37,29,4,43,18,
2134,87.0,1997-11-02,40,4,28,32,11,5,
2135,86.0,1997-10-26,54,21,6,34,36,22,
2136,85.0,1997-10-19,47,15,30,37,45,6,
2137,84.0,1997-10-12,10,34,4,6,25,40,
2138,83.0,1997-10-05,24,16,4,42,57,15,
2139,82.0,1997-09-28,51,36,53,29,18,15,
2140,81.0,1997-09-21,47,41,10,60,54,23,
2141,80.0,1997-09-14,51,40,37,23,48,28,
2142,79.0,1997-09-07,43,25,2,13,31,17,
2143,78.0,1997-08-31,22,32,46,12,25,31,
2144,77.0,1997-08-24,29,54,40,57,49,21,
2145,76.0,1997-08-17,33,18,23,8,17,53,
2146,75.0,1997-08-10,36,49,37,35,24,21,
2147,74.0,1997-08-03,2,24,34,50,38,37,
2148,73.0,1997-07-27,57,25,45,28,51,26,
2149,72.0,1997-07-20,19,48,43,1,34,44,
2150,71.0,1997-07-13,53,16,45,43,33,27,
2151,70.0,1997-07-06,40,17,23,43,27,58,
2152,69.0,1997-06-29,56,58,34,53,25,45,
2153,68.0,1997-06-22,53,13,3,1,12,59,
2154,67.0,1997-06-15,47,14,27,52,17,12,
2155,66.0,1997-06-08,15,26,12,33,48,13,
2156,65.0,1997-06-01,20,1,5,32,25,34,
2157,64.0,1997-05-25,8,54,50,60,23,12,
2158,63.0,1997-05-18,26,9,41,49,25,40,
2159,62.0,1997-05-11,52,13,6,24,8,31,
2160,61.0,1997-05-04,59,8,18,29,42,44,
2161,60.0,1997-04-27,38,14,21,15,3,20,
2162,59.0,1997-04-20,28,13,34,2,8,54,
2163,58.0,1997-04-13,30,49,27,37,12,44,
2164,57.0,1997-04-06,27,17,16,34,7,59,
2165,56.0,1997-03-30,51,35,59,7,20,2,
2166,55.0,1997-03-23,29,2,14,38,23,52,
2167,54.0,1997-03-16,5,21,9,56,18,36,
2168,53.0,1997-03-09,42,13,3,46,38,16,
2169,52.0,1997-03-02,58,15,59,30,38,46,
2170,51.0,1997-02-23,23,24,42,25,17,47,
2171,50.0,1997-02-16,57,44,21,16,58,6,
2172,49.0,1997-02-09,33,7,43,35,13,55,
2173,48.0,1997-02-02,47,5,34,28,2,50,
2174,47.0,1997-01-26,35,17,3,48,25,56,
2175,46.0,1997-01-19,32,46,1,60,24,23,
2176,45.0,1997-01-12,30,7,37,55,44,53,
2177,44.0,1997-01-05,47,38,18,14,29,44,
2178,43.0,1996-12-29,2,58,25,6,26,17,
2179,42.0,1996-12-22,24,36,19,33,7,11,
2180,41.0,1996-12-15,38,26,35,39,12,47,
2181,40.0,1996-12-08,3,12,46,5,47,8,
2182,39.0,1996-12-01,16,37,45,52,56,12,
2183,38.0,1996-11-24,55,42,10,43,45,54,
2184,37.0,1996-11-17,22,6,7,52,38,60,
2185,36.0,1996-11-10,13,3,51,17,29,25,
2186,35.0,1996-11-03,21,57,16,23,54,4,
2187,34.0,1996-10-27,15,13,57,53,40,17,
2188,33.0,1996-10-20,5,33,49,17,42,39,
2189,32.0,1996-10-13,43,33,14,36,5,44,
2190,31.0,1996-10-06,56,19,28,48,17,45,
2191,30.0,1996-09-29,38,50,7,29,15,14,
2192,29.0,1996-09-22,14,56,58,8,43,3,
2193,28.0,1996-09-15,60,6,22,3,24,54,
2194,27.0,1996-09-08,44,33,13,51,17,20,
2195,26.0,1996-09-01,50,53,57,10,58,22,
2196,25.0,1996-08-25,56,50,55,54,24,43,
2197,24.0,1996-08-19,1,8,14,28,33,43,
2198,23.0,1996-08-12,17,52,51,59,39,37,
2199,22.0,1996-08-05,9,38,56,1,31,46,
2200,21.0,1996-07-29,49,46,6,53,33,36,
2201,20.0,1996-07-22,25,28,30,33,51,11,
2202,19.0,1996-07-15,5,25,12,10,60,24,
2203,18.0,1996-07-08,37,36,56,27,42,23,
2204,17.0,1996-07-01,10,20,6,19,51,13,
2205,16.0,1996-06-24,60,58,49,32,20,34,
2206,15.0,1996-06-17,60,12,33,52,35,51,
2207,14.0,1996-06-10,16,2,27,47,23,53,
2208,13.0,1996-06-03,47,32,50,54,18,56,
2209,12.0,1996-05-27,20,27,43,16,19,4,
2210,11.0,1996-05-20,25,15,58,37,59,38,
2211,10.0,1996-05-13,25,4,18,57,21,38,
2212,9.0,1996-05-06,55,43,56,54,8,60,
2213,8.0,1996-04-29,53,17,38,4,47,37,
2214,7.0,1996-04-22,56,38,21,20,3,5,
2215,6.0,1996-04-15,19,40,7,13,22,47,
2216,5.0,1996-04-08,1,19,46,6,16,2,
2217,4.0,1996-04-01,6,59,42,27,1,5,
2218,3.0,1996-03-25,36,30,10,11,29,47,
2219,2.0,1996-03-18,9,39,37,49,43,41,
2220,1.0,1996-03-11,41,5,4,52,30,33,
